label,text
0,直播掉线....
0,Yves..
1,想买信誉好看篇的私聊我有保证
0,对口型爽的
1,啰妹扣号2096209202
1,慡+C名看P，是Q哦
0,CBG直接买
1,佳喂：sx111505可越dl
1,鲰 ＴＡＤ７６５☀☀日批666666
0,三千高中三年一年比一年快一分
0,家家户户 家喻户晓
0,我都溜了4只鸟了咖啡上去直接秒倒，背锅
1,16274251宼曰批 666666
0,老板觉得梦幻没激情了ᚠ
0,路人哥威武ᚠ
1,﻿9787 98907+口看
0,不打了 反正瘾也过了 刺激也刺激一把了ᚠ
0,用手机阴阳师扫码
1,蒖人制棴眎頻値播
1,﻿染 FTA678 买-乒威ᚰ
0,99999哦
1,﻿+口看2247 1419.
1,2744 7053护土口
1,﻿看我茗，慡+胃
0,口本
0,你换经纪了ᚠ
1,伽韦 sx111505 珂视频箹nw
1,琐 ＴＲＡ２４５日批666666
0,平台你
0,日本人食一碗夠
1,哦哦2◍48 78ℨ2怒射ᚰ
0,晚安 
0,贡献榜第七了ᚠ
1,𝕏𝘏𝘾593卖盘.
1,滓 FTA689☎☎在线
1,巧TPK564ᚰ片薇
0,不可能急性咽炎的
0,请谅解那天不应该问你要币
0,上了蒸汽机 中国能玩🐎
0,七月十五跳鬼步
1,𝐓𝐌２９７１卖云资源.
1,黄色要的加我
1,网站++++买的私聊0
1,微信号18762258554
0,我男神新片？ᚰ
1,﻿投资少，见效快，两腿一张几百块。既舒服，又实在，卖过以后货还在。洗一洗白接着卖，反复使用无大碍。
0,风声哥哥买保险
1,黄资源买的私聊我老虎
1,黪 ＴＡＤ７６５☀☀日批666666
0,调教你ᚠ
0,霉霉ohhhhhhhhhh
1,家-企-鹅752753636设了
0,A+
0,昨天晚上的衣服穿起来你知道
1,.网址 盘看姐姐名字++网址 盘看姐姐名字++
1,姐姐名字家.丝袜扯了舒服
1,看妹妹名字家++看妹妹名字家++喂
0,嗨起來
1,买皇篇的哥哥私聊最新
0,你知道做废品收购
1,免费看片子，只限女
0,鼻屎想吃
1,18683 583314擦妹伽微
1,2218439086+口口+
0,排名第四名。
0,这是赤裸裸的浑水摸鱼呀ᚠ
1,淑 CC-名字-看-电视ᚰ
1,妹妹先视频后上~门→ＡＨ３９ＣＯＭ　光
1,卖片送人
0,天湾竞技ᚠᚠᚠ
1,颙 ＴＡＤ７６５☀☀日批666666
0,涩涩涩
1,慧好看 FTA675☎☎
1,琳 FTA675ᚰ寂寞少奶
0,可以买吗？不是限量吧😊
1,秀TPK564ᚰ片薇
1,白色 3-2 5-3 2-4 4-5左下0-0
1,18228 022447擦逼威
0,🐎🐎🐎🐎🐎🐎
0,去这下彻底没力气老婆交作业
0,看屏幕的字哦！
0,胖嗎站起來看看
1,主播自味
0,妳漂亮的臉蛋
0,名字改下
0,8000万加15000
1,﻿8695 33334 寂寞姐妹+口
1,网站+沜++买的私聊我
0,口袋买
0,978148574白马，来群里
0,5555又想要骑士又想要虞姬皮肤
0,我不该下的，这把
0,去找妈今天鬼节回姥姥家吃饭
1,飘神nmsl
0,很好很好
1,﻿钕粉B 2744 7053 口
1,752753636姐姐名
1,看妹妹名字夹丝袜洗白白ᚰ了
0,看真人
1,歹 ＴＡＤ７６５☀☀日批666666
1,迦威 sx111 505，有囊人想要的                 6D
0,关灯嗨起来
1,君TPK564ᚰ片薇
1,什么寄吧
1,"﻿看我CC名字 加Q资源,"
1,美 T6787Vᚰ纯/洁
0,新区400美滋滋ᚠ
0,其实这武器+11敏也没什么用
1,坤少. 2019/7/24/周三 20:01:03看名+威 各种系列坤少. 2019/7/24/周三 20:01:56看C名，是危哦，束缚
1,2396 8433 字源口
0,哦哦哦我忘了
0,说不上话
1,咏 CC-名字-看-电视ᚰ
0,+👛👛👛
0,盘口局
1,C9667D 寂寞姐妹。
1,肩带往下
0,美国不加零
0,哦哦哦哦哦😯
1,←點我姐姐脱洸洸噢
1,有A片的加我
1,篇加企鹅35141 73330ᚰ篇加企鹅35141 73330ᚰ篇加企鹅35141 73330ᚰ
1,﻿姣拼-企-鹅16146 5267
1,文明看腿，素质摸腿
1,私聊麦片ᚠ
1,恭☎☎ＦＴＡ６８９☎麦P
1,漏逼抠逼的
1,2360 8544 爆日加叩ᚰ
1,妹妹苋玚筘淔譒
1,网站➕v18676833260
1,﻿1255 QQ 4971 懂得加樉
1,牢 KTA679ᚰ麦P威
0,五🐎你可以说她了
1,巽 FTA689☎☎☎
1,琴琴 晴晴 勤勤 芹芹 里面找芹芹
0,三妻四妾 来个
0,去星球玩
0,9715加好友要看黄字哦
1,www.97sese.com
1,21408797看逼.
0,ID：22555672 等级19 姓名常智翔
1,𝐔𝐗４４４２狂日嫩逼
1,还卖片啊！谁需要网址加我老哥
0,我送20片，谁送30片？
0,你媳妇呢ᚠ
1,口2247 1419看闭紫苑
0,从1万5到2万6，7
1,买篇-加-企-鹅242 00 654
0,烧起来
0,可能不认识
0,狐狸爱上了靓仔
0,没有连麦小骚货
0,妳不是剛睡醒嗎
0,人生短暂开心好
0,尿尿去
0,notch的中文名啊......刻痕
0,今晚就苏大强和武帝两人去打一打，其他人全不敢去
0,豆豆·神器2+2每个月能有几坨菜·
0,来一次就看这么刺激的
0,打字老是发不出去
0,嗨妳好
1,岚麦饼-喂心 CAD571
0,7879的果果？
0,人家清包裹
0,吃饭不带钱
0,杨杨今天好好看ᚠ
1,沜+网站+买的私聊我
0,口蜜腹剑
1,滓 w2753636 麦饼卫星
0,俺可是窥屏七ᚠ
0,全国榜第一才600多朵
0,稀饭+咸菜😂😂😂
1,落 FAK256ᚰ 看-电视
0,shhsbsnsk
0,我们还听国语吧😏
1,​(V❤）wuhendewul色色❤等你哦❤
1,卖片++雪无群左下角
1,佳喂：sx111505可越Vm
1,无码高清 UXC119ᚰ
0,甜到我口渴
0,走开
1,纯 w2753636 麦饼卫星
0,qvq.....
1,卖片，卖片
1,需要片的请联系10086
0,今天晚上看到太多米估计明天班都上不了
1,𝔵 𝙝 𝘤５９３ 看盘
1,2☻48 78ℨ2人人操ᚰ
0,1500买的碎片呀
0,我去煮个小米粥ᚠᚠᚠ
1,29521 91783+口
1,50线下V视  频 果  聊
0,自然美～
1,嘉 29526 Q 77544
1,韵 w2753636 麦饼卫星
1,PK1122111任务2122211
0,呵呵新姿势解锁
0,翻2页ᚠ
0,hhhhhhh.
0,让人害怕
1,﻿性感撕挖 1495 9967 口
0,璐璐吖
1,黄资源买的私聊我哦
0,我見好收
0,讓我們來
1,卖片的发下网址
0,靓仔，不在作废么？😂
0,姊姊天蠍座
0,FACE BOOS
0,去一个星期
1,2787 9947射日姐+口
1,熙 157 5176 4994 信
1,色哥哥、、拍、、慰、视、频一、元一部、看资料V、
1,﻿16274251+蔲曰批 666666
1,封号包换家-752753636-企-鹅0.
0,2700买根红狐狸5.4的
1,7747 33332家寇.
1,BHC979 威ᚰ.
1,全裸自慰你指挥激情加V信EKT010
1,炮友 吃醋吗兄弟
1,BHC979+ 威ᚰ
1,怦 ＴＲＡ２４５☀☀日批666666
1,重口味的看姐姐名字家咯封号包了哦ᚰ
0,这是谁呢一直喂喂喂喂喂喂狗没玩了吗
1,我有7位QQ5830267.需要的联系我
0,170身高。美滋滋
1,豬樹坎梶群176534781
1,QK4459++喂+
0,你问问她跟你🐎
0,黄老仁好懂漫威哦
1,﻿2744 7053看逼伽口
1,﻿1255 4971 黑足加冦
1,﻿2290 2554+蔲曰批666666.
0,當然怪妳怪誰
0,1G等于1024M
0,压压惊
0,晴晴很美
0,上衣真好看
1,看片的加我v13427221844
1,迷á??á药 我这有你要嘛
0,谁没被母蚊子叮过
1,安 FTA675ᚰ你的-爱
0,号一大波编制
1,看妹妹名字家+++
1,看姐姐名字加我私聊
1,﻿1537 3608 看逼家口。
1,韵 29521 91783 北极鸟
1,涵喂心CAD571
0,上次你离得那么近
0,义乌电视台主办二十家平台同步直播明天下午四点新光汇海选
0,跨謀
1,加无情V w1786500633
0,名篇
1,﻿1690 47089色Ｑ.
0,我手机看看哦  网页版看不到
0,这个淘宝充值真的不行
1,名字+++爽喂
0,我对于号，是白痴
1,𝐇𝕌𝐗457卖片
1,YW90069看偏家喂0
0,啪啪啪打脸.
1,观我名字+++喂爽设
0,调香名字啧
1,？-97979494
1,加V有福利哦，你懂的
1,FFX974国
1,﻿1934 3631看逼家 口.
0,520又想骗吃骗喝
1,2048 7832聊妹加αᚰ
1,想买信誉好看篇的私聊我.
1,熙157 5176 4994 卫星
0,目标检测
1,2744 7053 妹B嫰
0,祝思雨宝宝美的不像话说话都发芽
0,狼爸你
1,荔 29526 Q 77544
1,妹视频爱Q11946Ж76807
0,狼人殺不會玩看不懂
1,篇-加-企-鹅8354 22224
1,喵播里的小湿妹好厉害的
1,漩麦饼-喂心 CAD571
1,﻿ＴＡＤ７６８☀曰批666666
1,韵 157 5176 4994 信
0,美，美美，美美美
1,看篇的老哥们..需要买的私聊我
1,硬撸
1,パㄦはㄟ㈤ゝやㄩま倮+嶶765510103
1,本 ＴＡＤ７６５☀☀日批666666
0,少买5000➕
1,卖片加我 我买
0,哦哦哦 我等会看看
1,豬樹坎梶宼q群176534781
0,40万左右
1,看篇加CT6085ᚠ
0,可能今晚离开
1,𝘒𝘔𝘋252 买-P-微。
1,皇盘要的私聊我皇盘要的私聊我
0,人数太少刻
0,无语.........
0,要4999000c卷
0,来自历史前二的拥抱
0,求带求带求带
0,现在牛抽验都不回避
1,﻿CC茗，看片..
1,﻿看我茗+Q涩情塽
0,不行 单纯登录的页面都是空白的
0,5700万1000R
1,寂寞想要网站了找我
0,看看成果。
0,人生叼出乌拉草
1,惛 +CC名，是威，看大咪咪
1,看в
0,戳看摸咪咪
0,ap娛樂明天會更好
1,﻿染15751764994卫星
1,太紧
0,哦呦闪现
1,﻿让人开心 1542 7049 口。
1,皇盘荬的私聊我.
1,S1897威力高
1,毓 w2753636 麦饼卫星
1,𝕊𝕂𝔼597➣➣买盘
1,𝕊 𝕂 𝔼 5 9 7➽➽盘盘
1,凡鹅351144829
0,人心不在毛用
1,买篇的私聊我0
0,雅雅ᚰ
0,101 150w，160w
0,七夕前一天现在没睡到10小时
0,beautiful
1,﻿徽“交龙22”
1,买篇加企鹅 20；48 7832ᚰ
1,ΡСΧ664卖云资源.ΡСΧ664卖云资源
0,表情超呆
0,皮皮虾biubiubiu
1,八加微信qv4456
1,家看筘─5四2 7049
0,女人的空虚寂寞ᚠ
0,你確定要這樣玩嗎
0,他这是没断啊
0,看昵称，看昵称，看昵称
0,贺贺ᚠ 瑟瑟ᚠ
1,爆插╬ᚰ企鹅 1537 3608
1,巧 KTA679 买乒威
0,不你的老大
1,冉15751764994卫星
1,色播
1,CT6085盘片
0,你敢想象靓仔的脸红蝶的衣服＋＋大码的吗？😱
0,免费吗！免费我上
0,做爱做的事情懂吗
1,买篇-加-企-鹅2124 1836
0,送错了哈哈ᚠᚠᚠᚠᚠ
1,网站+沜+买的私聊
0,很乖好嗎
1,美 FTA677ᚰᚰ
1,卖片ssdl1314
1,WZ  81 55免费
1,家庭 人  妻 斯挖 a1102195422 口
0,傻眼上次說留
1,XΚΕ585ᚰ瞧这里麦片
1,需要买网站的私聊我便宜
1,qk4459++喂沜
1,买篇加企鹅 20世8 7832ᚰ
0,全光視頻嗎
1,Y W 90069 +喂+看潘0
0,天机算尽天机绝...
0,静儿
0,期待角色扮演
0,空号为什么4W+  不是2个孩子么
0,欢迎  笨笨🍼  《唯瑶独宠》
0,159vs175？
1,看姐姐名字夹封号包换ᚰ
0,一出口就是给年轻的靓仔上课😂
0,买买买 划算的很呢
0,改天休息请你喝酒
0,1997哥威武哦
0,妳看過猩球崛起嗎
0,要看准市场需求才可以
1,看网址看片加CT6085ᚠ
1,诱惑一拨
1,缇 w2753636 麦饼卫星
0,人生許願
0,尿尿声音大不
1,恸 FTA689☎☎☎
1,2140 8797 摸逼家口
1,5000万裸聊
0,全民k歌里QQ号登陆唱的歌最多
0,走位最风骚ᚠ
0,有没有知道直播好看的
0,七夕前一天睡没10小时
1,英 w2753636 麦饼
1,求看片微...新
1,佳喂：sx111505可越r7
0,爹
0,七仙女
0,GAYGAY鼠
0,晚上上好
0,才3000W...
0,最靓
1,﻿若 FAK256ᚰ 看-电视
0,妳增加
1,leon7552@1.6.3..CO.M
1,舒+人妻971111490冦
0,唱歌真好聽人長的甜美
1,夹-企-鹅-752753636-看
1,荣麦饼-喂心 CAD571
0,直接买个王者号+所有装备都有😂
0,ᚠ 清仓  卖了900多万
1,1255 QQ 4971片
0,口气不小啊你
1,﻿染看-拼-q-33155 94194
0,hhhhhhhhhhhhhhh笑死
0,150-100-150-200
1,看美女免费视频加QQ：2997973700
1,𝐇𝐘𝐑382ᛀ盘盘..
1,韵 29521 91783+口
0,乞讨卖图主播
0,西红柿即是水果也是蔬菜。 番茄，属于茄科(Solanaceae)番茄属一年生草本。在热带为多年生。
1,脏 ＴＲＡ２４５日批666666
0,薇薇美女ᚰ
1,﻿染 29521 91783起俄
1,韵片ᚰ136 6458 9947
0,人名字  加歌曲名字
1,看批Y W90069家喂
0,hhh+1可还行
0,的腦海裡看見舊的枕頭腦海裡
0,偶尔发的出去
0,去玩王者拜拜时间来看你
0,ᚠ卧底 可好玩了
1,名字+++围观沜
0,谢了。ᚠ
1,犄 ＴＲＡ２４５日批666666
1,潜 好看 KTM657 ᚰ
0,哦哦买嘎
1,君好看 FTA675 ☎☎☎☎☎☎
0,买辆8系的
0,给你个建议，戒指买那种主属性伤害副加伤害+固伤耳饰伤害加固伤的，三段划算又实用
1,网站盘看名字++私聊我0
1,迦威 sx111 505，有囊人想要的                 BM
0,为所欲为 逼上梁山 山穷水尽 尽量而为 为所欲为
0,35000扣税30000
0,风油精
0,嗨新主播克蘿伊
1,安 FTA675ᚰ寂寞少奶
0,七夕一直没有看你
1,溥KTM657
0,听的什么鬼
0,主播我睡啦
1,名字+++围沜她
1,HB90096家喂ᛀ
0,做好人不好做
1,1646466164 94379481546948861640784694075134840486464915549584346484913758194648401546407045
1,看片加q495851478
0,小蘑菇进不去
1,黄资源买的私聊我
1,露露屁股
0,嗨起来
0,你的名字很秀ᚠ
0,350050S等级要很高
1,买篇加企-鹅2790 2188ᚰ买篇加企-鹅2790 2188ᚰ买篇加企-鹅2790 2188ᚰ
1,冉 FTA676 麦-P卫心
0,你会母猪会上树
0,早上好ᚠᚠᚠ
1,从不色情
1,篇-加-企-鹅8354 22224篇-加-企-鹅8354 22224篇-加-企-鹅8354 22224篇-加-企-鹅8354 22224
0,1080+200
0,秀的哦
1,靓丽美女摆布丘丘2830422234生
0,锋芒天机 诱袭法系
0,做女人生声做男人的声
0,你直播多久
0,卖包谷
0,ns报名啦
0,去新久久逛下咯/大笑/
1,买你马勒戈壁
1,加扣①⑨①⑨⑤⑤〇⑤⑨
1,你穿内
1,ＫＥＣ５９６➽➽片.
0,好凶不知真假
1,伽韦 sx111505 珂视频箹            od
0,寻求刺激
0,去找个同事加一下班偷满180
1,不是，问一些愚蠢的问题，说怎么获得英雄，卧槽😂
1,2744 7053 籹水奶寇
1,皇盘荬的私聊.
0,胖点
1,叶麦偏+口口 29534 51608
1,一個男的全光騎車
1,﻿染 29521 91783 南极鸟
0,你会腾讯
0,房间不错点机器人过来玩
0,掘凳子上打pigu
1,影 29521 91783+口
1,lD140551537名字阿越夏梦
1,卖篇〈2⦿48 78ℨ2〉ᚰ
0,哈哈哈靓女
0,168最多2组
0,孙珈莹，我要跟你猴子！
1,艳 29526 Q 77544
1,惠好看 FTA675☎☎
0,很好聽的聲音
0,hhjj
1,840539435+口口
0,nm有人模仿我名字
0,无名雷锋
0,汪汪汪汪汪汪汪汪
0,人心女心愛的女人心愛的小物
1,你紧锁的眉头冰封的心令的思想停
0,嗨皮一会
0,门锁上 让小护士陪你打针
1,看个大秀扭下屁股5分钟结束
1,轩-麦饼-喂心  C₳D571
0,做个正管玩
1,看我网易名字+Q片1
1,慧好看 FTA675 ☎☎☎☎☎☎
0,很黑中过一次
1,需要的-企-鹅752753636-家0
0,秒五减了我150+的伤害
1,𝐔𝐗４４４２卖云资源
0,嗨美女直播
0,🙊🙊🙊太刺激了
0,淋成落汤果
0,不是学习的料
1,没有卖片的了需要网址的兄弟们加我
1,.名字++喂来爽
0,7-5+2
0,限量的好看
1,下边想肌巴
1,安C-C-名-字-麦-饼
1,颙 29526 Q 77544
0,可爱的美女晚上好很高兴认识你
1,美少女2591 1世78 口
0,兜兜17岁少女实力演唱
1,想微信
1,买篇的私聊我
1,8695 33334日姐✚αᚰ
1,羽 29526 Q 77544
1,孬 ＴＲＡ２４５日批666666
1,贞-麦饼-喂心  C₳D571
0,胖可得周慧敏
0,穿高跟鞋嗎
1,〈2❍48 78ℨ2〉调教姐妹ᚰ
0,你知道一个女人最丑
0,对~你漫漫找新
1,昧 ＴＲＡ２４５日批666666
0,哦哦打扰
0,陈慧琳的妹妹》
0,对象稍微比你漂亮一点点
1,买篇老哥的私聊
1,戳戳我头关注开车秀腂bb
1,﻿C-C-名-字-卖-篇
1,﻿1900777720+蔲曰666666
0,不是说花叫肉丝
1,佳喂：sx111505可越of
1,小屌有爸爸(=^▽^=)
0,马哥，名字后面， 加括号，可电动可手动
0,文墨爽
0,小火车55555555555555555555
0,好凄凉(๑ó﹏ò๑)
1,佳喂：sx111505可越dS
1,陌陌摸摸陌陌摸摸陌陌摸摸陌陌摸摸哦哦
1,2140 8797加口
0,别扯了  
0,1984  1985   1986
0,以为你没工作没工作你介绍工作
0,杀boos最恶心
1,需要买黄资源的私聊我0
1,Q群11~809111免~费看女拖光真人现场做爱拖光衣服指挥跳舞喜欢的加下Q群看不到死全家试过真的不加后悔
1,﻿FS6791微芸.
1,慧 CC-名字-看拼ᚰ
0,喂喂喂喂喂喂喂 不扣了吃饭去了
0,不玩新区没激情
1,篇加企鹅 20世8 7832[s电到了
0,你还喜欢看不错不错
0,很黑
0,妳真的為什麼掉下來凡間
1,﻿C-C-名-字-瞧-拼
1,喂妹妹 BHC979 威
0,付出真心没有回报
0,看看3500的腰带
0,人气不高
1,兰好看 FTA675 ☎☎☎☎☎☎
0,加𣎴加
0,大Cᚠ
1,﻿1934 3631看逼家 口
1,﻿巴黎浪漫派对”三级sm系列
1,黄播好
1,要片的加914578730
1,莲 CC-名字-看-电视ᚰ
0,国产猫能吃嘻嘻
1,﻿看逼加口1537 3608
1,75+275+36+36++企++鹅+看
1,19853925398聊骚小姐姐
0,杀一个人头520
0,不玩宝宝生气
1,昧 ＴＡＤ７６５☀☀日批666666
1,+ィ訁13290926773
1,﻿舒+人妻971111490冦
1,﻿看发发言明字+企鹅言明字┼口
1,﻿7747 33332嫩逼加窛
1,瑞某人：EMMM无处下口2333
1,篇加企鹅35141 73330ᚰ
0,绘卷5，150名左右，会不会被挤到200开外。
0,上次看见你高层作业回避
0,55W左右
0,人家69999我4.5
1,-----------------------------------------------------------------
0,鼻子不大
1,𝐡𝐮𝐱457卖盘
0,哦哦哦，对哦
1,雪好看 FTA675☎☎
1,兮 29534 51608 买-拼-鹅企
1,又卖电影的嘛！求扣1
1,2140 8797加窛
0,不是说少妇吗？怎么不露脸啊？
0,清小怪用小狗+佛可以吗
1,晗157 5176 4994 卫星
0,文明看球球
0,手机没法充啊ᚠ
0,你去求姻緣喲
0,防+5是咋回事
0,48万亲密加胫骨
1,乐 TPK564ᚰ买乒威
0,对没有放弃
1,嶶765510103蒖鎭人眎頻値噃ナスグパシにヾぉ
1,Y W 90069+喂+看潘.0
1,看妹妹名字++++沜
0,安徽美女
0,黄昏，寂寞沙洲冷
1,​(V❤）wuhendewul色色❤等你哦！❤​(V❤）wuhendewul色色❤等你哦！❤​(V❤）wuhendewul色色❤等你哦！❤
1,你屁股撅起来
1,佳维佳维：sx111505 可越Eh：sx111505 可越kz
1,买网站盘的老哥私聊我买网站盘的老哥私聊我
0,呵呵谢谢你们一直以来支持
1,美女服务qq
1,看篇的老哥们..需要买的私聊我0
0,去过两次
0,七夕节OK
1,家庭 人 妻 斯挖 a1 102195422 口
1,孬 ＴＡＤ７６５☀☀日批666666
1,𝐗𝘌Κ496ᚰ爱看
0,我现在都还是处男呢ᚠ
0,不是因為你美麗才愛上你
0,我错了
1,〈2◌48 78ℨ2〉调教姐妹ᚰ
0,现在我们区没有 有的也卖1W+
0,5000块钱左右
0,早上我们区·我秒900+··吓死我了·
1,若 w2753636 麦饼卫星
1,真空裸睡差
0,做上海老婆幸福
0,三生三世十里桃花
1,莲 KTA679 买乒威
1,垚☀☀☀☀+名 看波霸
1,网站的加我微15766073481
0,老头子，我不需要ᚠ
0,这把绝对刺激。
0,腰带加果子
1,沜++网站++买的私聊我..
0,以前播
1,买篇加企鹅 20.48 7832ᚰ
0,2335就720名
0,等会儿看动画片hhhhhhhh
1,UKC 九─七 薇美腿ᚰ.
0,有想找工作的看我签名名字
1,懁 ＴＲＡ２４５日批666666
0,电梯
0,期待現場支持妳
1,sn520587 交友 免费看
1,ΕКХ596看片
0,这两是夫妻吗？天天一起播
0,开启败家模式ᚠ
1,﻿+口看84444 1062
1,惠157 5176 4994 卫星
0,有可能 有外国人喜欢屁股特别大的
0,空调房+睡觉=冬眠
0,很高兴认识你
1,就好像自慰一样恶心！
1,说磨磨唧唧的 不看滚蛋白痴
1,淑好看 FTA675☎☎
0,剩下的都是娱乐和高端玩家
0,wo xi Huan chi Mai pian
1,大佬连环计 横扫 秒了骚比鬼
0,我扫不了🐎 你直接看qq记录有密码
0,妍妍ᚰᚰ
0,人之初性本善
0,这个舞女板下放加速莫x
1,﻿14444.54332蔲曰批666666
1,一直不敢下手因為保養維修
0,国家足球男队
1,兮乞儿 29521 91783
0,7-1 7-1 7-1
1,752753636++口
0,17hhhh
1,看-黄-家企-鹅752753636.
1,换平台映客斗鱼b站都不用时限
1,一个转身香肩全露
0,挖，我今天自己的号就做了那些任务+卖符
0,染指流年
0,功绩4800+、天赋55+、坐骑最好满、法门尽量满、孩子双400+这种底子3000左右吗？
0,爱美女
1,琐 29526 Q 77544
0,口才？
1,需要的-家-752753636是-企-鹅
1,佩 CC-名字-看-电视ᚰ
0,ctrl加Alt加W
1,想看的自己下载   网址577rr
0,哦，女方要写名字的啊
1,嶶765510103ㄨペテナㄜバふぁ
1,﻿让人快乐 ─4九5 9967 口。
0,人刷好焦灼
0,美国片？
0,1万5打包的
0,谁口嗨？
1,卖片卖片。ᚠ
0,看名字？
1,517156316ソぞつノぐヅグボ
1,9787 98907+口看
1,哥哥想看妹妹水加1694545220
0,自私呗
1,﻿溷☀☀☀☀+名  看波霸
0,55555555好惨哦
0,200-350左右
1,BM1111BC曰批 6666 丝i爽
0,人生保健法
0,喔想找8000左右的69
1,Ｘ𝐄Ｋ４９６ᚰ盘盘.
0,去小孩弄乃粉小孩哭
1,华麦偏+威 w2753636
1,③w点188porn.com
0,昨天失去了她的WX
1,ΕСΚ596(R)]买片瞧这里
0,69顺口
1,UCK ł69爆日嫩碧ᚰ.
1,𝕩𝖍𝖈593卖盘
0,干脆点
1,珠 T6787Vᚰ纯/洁
0,你想找朋友
1,佳喂：sx111505可越kx
0,做好不要理会
0,人日子弹上膛
0,我咋调教
0,K哥也妻管严😂😂
0,╰(*°▽°*)╯。。。。。o(一︿一+)o
1,君-伟心 ＫＵ€５３７
1,你以为你操你妈的大傻逼
0,看到一只猪
0,你直播方式做路线的
0,想想  109BB 能2500+攻击什么概念
1,冉 FTA676 麦-P❤
1,看视频的哥哥请加扣扣；876655887看视频的哥哥请加扣扣；876655887看视频的哥哥请加扣扣；876655887
0,去特的三次都500币
0,昨天做一個惡夢[cx哭脸][cx哭脸]
1,爽 29526 Q 77544
1,澽KTM657
1,女征婚(详见资料)
1,看微信 ，高清，无码。的私聊我！
1,红☀☀C名加威看
0,哇哦包包
1,电臀舞来
0,報告浩南哥銅鑼灣只能一個浩南
1,枝麦偏+威 w2753636
1,﻿看发言名称+QQ
0,你有女朋友🐎
0,我想起了给猫按摩的那个
0,瑶瑶姐ᚰ
0,17-19-21-22-24
0,护士  (ノ⊙ω⊙)ノ嚯
0,荔枝妹妹
0,1850+7500+1550+15法爆
0,您讲的是哪国语言啊
0,三人行老司机带路比较好
1,枝 KMD255ᚰ纯/洁
0,前晚一个充的卡刷138
1,恸 29526 Q 77544
0,你不用一直欢迎的😂
0,上周留80
0,不让吃西瓜
0,72.左右
1,﻿24602 23456 看逼家 口.
0,500万左右的看看
1,淹麦饼-喂心 CAD571
1,2074 9707狂日╬αᚰ
0,美国自驾游
1,uc浏览器www. 75bo. com
1,点窝看学妹涉妇333333
0,UHC TEAM
0,你看看天涯明月刀、逆水寒，除非是WOW那个流派的，现在战斗的动作性都比较强了
0,浪漫的爹
1,慌-75275-3636-企-鹅-夹
0,哦，QQ群里有红包
1,﻿18683 583314擦妹伽微
1,𝐱𝐞ᴋ４９６ᚰ看盘
1,卖片，，，
0,懂
0,我之前还准备去兼职跑滴滴。
1,名字++爽沜围+
0,无名呢
1,﻿若 EYD235 买-拼-微
0,我4888买的
1,卖盘看名字
0,KTV300一位
1,枝-薇/ CAD 571
1,缺 ＴＡＤ７６５☀☀日批666666
0,昨天晚上老板刷500W
1,﻿2074 9937 影视加企鹅
1,盘网址需要私聊我好友
0,去相親嗎還化妝
1,苓 29526 Q 77544
0,不是 我是老人ᚠ
0,·★你
0,Afriendofmine
0,不穿
1,看篇买的老哥私聊
0,这个活动腰带固伤+5
1,﻿29523 54478蔻批666666
1,想色色            Kx
0,平台的朋友昨天看一场大秀说
0,哦哦。岳父
1,荔麦偏+威 w2753636
1,﻿9790 34390+口口看.
0,老猪你战场老盯着我干啥
0,可能有空
1,傻逼大刀罗汉
0,vx
0,去午休去你播
0,不小心送錯
0,很聪明喽
1,君 FTA676❤ ❤ ❤ ❤ ❤买乒威
0,卖点卡换三界 你卖点卡的钱放CBG要400+三界 亏死
1,想要看皇偏的加我
0,2000w左右
0,不看不看
1,看-丝袜-752753636-扣.
0,人家要改名字了
0,请吃饭不要红包
1,﻿染卖-姘-薇ＫＵＣ２３５
1,2386 3540芸妹+口口[s电到了].
1,沓 ＴＲＡ２４５日批666666
0,夜深人静虫子声音
1,伊 29526 Q 77544
1,你屁股洗干净没
1,1255 4971 黑足加冦
0,泰国有名的汤
0,作为姐妹帮不到你
1,佳喂：sx111505可越kw
0,回民街普罗旺斯谬斯
1,3430 9996爆插╬αᚰ 3430 9996爆插╬αᚰ 3430 9996爆插╬αᚰ
0,不會解釋ㄟ
0,做个安静的美男子
1,激情四射加我
0,嗨妹子晚上好
1,影 FTA675ᚰ寂寞少奶
0,装个摄像头自动拍照
0,的半胖小老婆
0,昨天晚上女孩子问你没有直播
1,迦威 sx111 505，有囊人想要的            uV
0,直播卖家秀，买完买家秀
0,名字家我看高清午马
1,Y W 90069 +喂+看潘.0.
0,你会唱月光下的凤尾竹歌
0,名字 很有想法ᛐ
1,那 ＴＡＤ７６５☀☀日批666666
1,慌-75275-3636-企-鹅-夹-
1,璐麦饼-喂心 CAD571
0,天热天冷都得被刺激
1,FCCX330GHFXW
0,5000分235名
0,去剃头
1,𝐓𝐌2971卖云资源 .
1,脫衣服脫衣服脫衣服
0,50带口活
1,买黄偏的老哥私聊我哦
1,迦威 sx111 505，有囊人想要的   pl
0,R T G YY
0,人漂亮，什么不穿都好看
1,居然没有卖片的！我有网址需要的老哥加我
1,卖盘加私
0,可能重名符号的重名
0,放码
0,好呀好美罗
0,ᚠ我感觉这里面土豪好多
0,上次听好听的出专辑
1,你看裸播都删微信
0,谢谢大佬！
1,典 29526 Q 77544
0,pou
1,PCK728 素女
1,滓  KTM657 ᚰ☎☎
1,问你撸管
1,沜1++网站+买的私聊我0.
0,来个变态混武器比这护士多
1,𝐗𝐊Ε585卖盘
0,爱情动作大片
1,﻿奶少籹2591 1478 口。
1,篇国找C3003D
1,凡 CC-名字-看-电视ᚰ
1,卖F..
0,故人...口区
1,网站+沜++买的私聊我0
0,秀天秀地秀自己
1,娴麦饼-喂心 CAD571
0,懂懂懂。。
1,晟 ＴＲＡ２４５日批666666
0,妹妹。等我
1,3430 9996爆插╬企鹅ᚰ
1,碎 ＴＡＤ７６５☀☀日批666666
1,𝐊𝐂𝐕９９７卖云资源.
1,老公抛7想找1鸭子14不挂玩視頻成熟稳重的男人加扣扣758
1,𝓪𝓫𝓬９９７卖云资源
1,﻿+C名是威看咪咪
1,75+275+36+36+企-*/鹅++
0,那手钙不是真的
1,啪啪啪视频供需者   加++
0,我祝你们天天被绿ᚠ
0,不能留言
0,我需要2珍珠 100的
1,名字+++胃爽沜+
0,3000+18%
0,啊烫是好姐妹🌚👍
1,网站需要的私聊我
1,晗麦饼-喂心 CAD571
0,你也打王者咩
0,女神走音聽哈哈哈
0,讓妳想想
0,三人到时候一起撸串哈啤搞起来
0,大晚上吃狗粮神秘人吃跑
1,网站v18676833260
0,可能以后你直播间都不会说一句话
1,需要黄私聊我
0,做梦那天谁给我一个520宝宝就行了
1,各种视频联系微1275521408
0,17有人用過說
0,人去买
0,这2吧玩憋 2连死亡  我草ᚠ
0,你想找你来到
0,哦 6哦6哦6哦 哦6哦    6这这
0,善恶4000+真的猛
1,𝘍𝘛𝘈675☎ᚰ☎买乒
0,5组520没中
0,七年❤❤❤❤❤❤❤❤❤
1,124456789买片，大圣
1,ΕКХ596卖盘.
0,+学了坐骑的技能点吗？
0,xswlhhhhhh
0,泡
1,2◍48 7832美女ᚰ
1,要煌色加我茗字
1,.豬樹坎梶群176534781
0,啦啦啦
1,𝙭𝙝𝖈593ᚰ盘片.
1,.com5755558☞☜
1,﻿KMD253 麦饼卫星.
1,YW90069家威看皇
0,小姐姐ᚠ
0,2600
0,對今天比較包
0,hhhhhhh秀啊
1,绞☎☎ＦＴＡ６８９ 麦P
0,百人百味众口难调
1,﻿2140 8797 摸逼家口。
1,迦威 sx111 505，有囊人想要的             qM
1,兮-靓-妹-卫星 ＫＵＣ５３７
0,刀刀ᚠ
0,n哦哦
0,皇色买的老哥私
0,開始進進出出
1,尤 ＴＲＡ２４５☀☀日批666666
0,日语..粤语...国语..
0,家里无线网
1,黄鳝钻过小泥湾神龙摆尾游浅滩
1,EK𝐗596买片找他
0,哦哦，250
1,色群2379107791
1,需要752753636看名字家
0,新人主播，各位老板多多关注ᚠᚠᚠ
1,𝘚𝘚𝘌497卖片
0,哦嗨哟
0,你又不穿ᚠ
1,75-275-36-36-企-鹅-涩0
1,慵 ＴＲＡ２４５日批666666
1,内涵。包日
0,我饿了ᚠ+
0,男的输了，穿丝袜
0,叫我干嘛呀
1,妹吸奶 2783 80293 🇶
1,丽 T6787Vᚰ纯/洁
1,威逼利诱，色诱
0,那就给你来个全身按摩
0,邋遢微邋邋遢遢梁邋邋遢遢大微凉
0,你在家～不穿衣服吗😊
0,很高兴见到你
1,以为你无聊想去找男人干一炮
1,熙买P，加乞鹅 29534 51608
0,可能一個月維修好幾次
1,熇 ＴＲＡ２４５日批666666
0,绕一圈都没意思
1,封了包哦看姐姐名字家重口味
1,Y W 90069+喂++看潘
0,键盘啪啦啪啦响
1,﻿FS6791 各种姿势
1,国产，岛国中文
0,说送宝宝
0,妳真係眼見過最美一个
1,伊 FAK256ᚰ 看-电视
1,2◉48 7832姐日ᚰ
0,哦哦，官服
1,片要的私聊，ᚠ
0,未免太不容易
1,君 ❤FTA676 麦-Pღ
0,現在好性感
1,籹B粉 2563 79431 口
1,我有扁桃无码撸视频，要的私聊
1,﻿2287 9947 美足+口看
0,七月看到鬼
1,侉 29526 Q 77544
1,安薇 CAD534 麥偏
0,18859317619
0,点关注先
1,▕(￣ε(#￣)☆╰╮(ಥ_ಥ)【嗨你麻痹我要睡觉】
0,人美服白波大极品
1,迦威 sx111 505，有囊人想要的            Ej
1,看黄买的私聊我0
1,CPU 1500 内存400
1,愎 ＴＲＡ２４５☀☀日批666666
1,躶聊薇ＮＯΤＥ４
1,这才不是猛男组，这是庄园三受😂
1,APK380   国日韩！都有！
0,你美
1,那大抠逼
1,﻿各种经典 2591 1世78 口
0,我没开
0,接口
0,可能的网速不好
0,去糖比那裡一下好來
1,𝐇𝐘𝐑382ᛀ盘盘
1,佳维：sx111505 可曰Yy
0,74742523加我id
1,UKC 762微美丝
1,卖片了要的加我
0,汗毛
0,嗨美女晚上好
1,家-企-鹅-752753636-网红摄了0.
0,诗名：《烹饪辣椒》
1,英 29521 91783+口
0,浪浪浪天进来不说话身高一米二
1,谁要片加我免费送兄弟们
0,兄弟两怼怼
0,我们这边连个能撸猫的咖啡厅都没有···
1,臀部看
0,麒麟970处理器
0,要收款码码？
0,松鼠ᚠᚠ
0,我的艾米丽，我的天使
1,﻿溥 FTA689☎☎在线
0,改天教你唱ᚠ
1,韵UKX729加我
1,﻿CC名字看拼
0,买0.7 卖0.2- -
1,﻿若 KMD253ᚰ 老板买拼微
0,一个大男人说妹纸干嘛
1,买买买网易牛逼
0,妇人之仁爱
1,网站需要买的老哥私聊
1,需要买黄篇的老哥私聊我.
0,200+爆伤低吗_(:_」∠)_
1,35141 73330爆插╬α[s电到了
1,莹 CC-名字-看-电视ᚰ
1,﻿ 2488 5608寂寞少付口.
0,真无耻阿
1,网站+沜++买的私
0,喜欢主播的点点关注哦
1,买簧片资源私聊我0
1,加q865007780私聊你摸哥哥裤头情不自禁伸进去打起飞机‘还温柔的嘴含‘吹’还时不时舔舔边缘蛋蛋你插进你小穴‘已经好湿
0,沒辦法
0,偶尔帮哈小刀就行
1,子 KTM657 ᚰ靓妹
1,夹-企-鹅-752753636
1,﻿柔买P，加乞鹅 29534 51608
0,煮面太能吃最近
1,𝐡 𝐮 𝐱４５７
1,灿  KTM657 ᚰ看
0,你揍我干嘛
0,七夕情人節快樂
1,华-薇/ CAD 571
1,巧-薇/ CAD 571
0,🌝我干啥了
0,想的美哦
1,要片的老板请私聊我
1,裸聊
1,笋 ＴＡＤ７６５☀☀日批666666
0,感觉很好吃
0,猪皮的卖点不是强，是好人，懂了🐎？
1,免费看制服丝袜美腿
1,伊 T6787Vᚰ纯/洁/P
0,3.1415926535897932384626433832795028841971693993751058209749445923078164
1,𝔲𝙮𝔪693盘片
0,我去看钱包还有没有钱😂😂
1,落-喂心 C₳D571
0,我功成身退了ᚠ
0,他要打我
1,宝贝日后再送礼物不
1,﻿看逼家2124 1836 口
1,五元网站直接看 加v 19905309994
0,人家内部人员
1,10元在线网址私
1,买网站盘的私聊我老副
0,700+800的防御
0,z233333333333333333
0,加码5块
1,国语  2068875241Q 丝足
1,出去宾馆裸睡
0,撤了，对面傻
0,谢谢CCCCCCCCCC34 送
1,佳企鹅：1-6-6-8-2-9-6-8-1 luo聊
0,有擦口红 又想骗我吃口红
1,美女视频+Q裸v聊
1,巧 KMD255ᚰ纯/洁
0,晴晴中午不休息
0,EWEQ.
0,耳口
1,你撸一撸亲你奶头吸吸
1,84444 1062+蔲滋源
0,一份还6+2
1,卖TM38888
0,昨天晚上心情本來很blue
1,﻿钕粉B 2744 7053 口.
0,亲爱的早上好
1,我有18厘米ᚠ
0,哥哥对你真爱
0,名字WilsonW
1,迷你万你妈的岁，狗比。
0,+-×÷
1,姣麦饼-喂心 CAD571
0,2500包的
0,朋友哥我爱你
0,战神榜70名进步6名加油！！！
1,兮 FTA676❤❤麦
0,34万左右
1,﻿ 1910 5764寂寞少付口.
0,啤酒小板凳花生米请你的表演
1,高清万部在线，玩的私聊。
1,lD28400718
0,也没说骑🐎
1,君 KMD255(R)]买-P-姐妹
1,𝘍𝘛𝘈675☎☀买乒威
1,网站-家-扣-752753636
1,网站沜++买的私聊我0
0,比我差点ᚠ
0,準備吃燒肉
1,篇-加-企-鹅8695 33334
1,卧槽(ノ_·。)
0,上次开一个箱子5000币刷100w
1,惠 FAK256ᚰ 看-电视
1,ｘᴇｋ４９６ᚰ看盘
0,妳這麼美為撒都沒人刷禮
0,去找你去
1,君 FTA675ᚰ麦-拼
0,看样子不到
0,兰闺哦
0,5+6555655
1,家-752753636-丝-企.-鹅
1,聪 CC-名字-看拼ᚰ
0,刚充的币想知道小瓶盖有多黑
0,无名要价17万
1,你自慰一下
0,ᚠ好听
1,交易小视频红包结算
1,我射你
0,3500块钱左右
1,伽韦 sx111505 珂视频箹            I8
0,你美美美美美美美
1,喜欢大棒棒加：3057909741
1,网站沜++买的私聊我.0
1,CWE6887 插爆
0,结果跟人家屁股后边，还有人吗
0,等我哦
1,大家别买片了加我免费送兄弟们
0,必须起飞
1,需要看偏的老哥私聊我0.
1,真空的看不见奶头
0,哥们的名挺厉害哈哈哈
0,一定玩這麼大
1,珍 29521 91783+口
1,看乃看比加蔚信⑥⑧④
1,荔 w2753636 麦饼卫星
1,﻿1608 3417+蔲曰批666666
1,2048 7832╬Qᚰ
1,君 FTA676 麦-Pღ
1,adsadadaffadadaddsfg
1,UKC127 猛干ᚰ
1,佳喂：sx111505可越Bc
0,去香港那裡
1,你高潮的没有一百下女人下次会跑的
1,融 CC-名字-看-电视ᚰ
1,ID：1056088715    加我
1,奸夫淫妇成了
0,3.14159265358
1,观我名字+++喂爽
1,兮-喂心  C₳D571
1,﻿慡 +C名看P，是Q哦.
1,篇企鹅 1537 3608ᚰ
0,还欠你一个500倍丘比特
0,妳真的最天然的美眉耶
1,秀薇 w2753636
1,吃奶还🉐️搭梯子那种
0,笨笨嗳
0,不是听说改制度
1,最近自慰没
0,( ͡°ᴥ ͡° ʋ)怕什么，我也是有动作的人
0,第一批3/11
1,加我lD23662922
1,澽 FTA689☎☎☎
1,1900777720蔲曰批666666
0,讓再流一下口水
0,12点半转账你
0,头像本人不像
1,漯↘聊加Q1265522423
0,老闆電話教學嗎
0,囧
1,999999999999999999999999l1www9wzzzw00wwwwww0990090990090999009
1,𝐡𝐮𝐱457卖盘..
0,来首宽容
0,去不去母猪
0,我搜索爆肝门，结果传来桃子的笑声
0,你还玩别的平台不
1,﻿C名字瞧P微
0,鲤鱼吃桃子=吃猴子屁股ᚠᚠ
0,美女美美哒
0,哦茂名啊。
0,笨笨。😥😥
0,恭喜珍宝阁4连冠+
1,看少妇脱十威信mf228258
1,婕 29526 Q 77544
0,你明日见30🐎
0,人肉我家煤球小母狗
0,嗨你項鍊好好看
1,﻿﻿7747 33332粉逼加窛
0,对不起以后都不开的玩笑
0,对哦 微信
0,SB53333
1,澽 +CC名字，是威，看大
0,无聊买张机票来看我
0,我要求要有巅峰传奇
0,说真的 头像怎么这么可爱😂
0,放两分钟请你喝酸奶
0,请人
0,昨天直播怎麼黑影
0,才艺表演一下
0,一晚上能出100斤
0,你跳舞
1,ᚰ私处
0,可刚好遇见你
1,戳戳好看的粉嫩的tt
0,开电脑
1,752753636ᚰ++
1,轮 ＴＲＡ２４５☀☀日批666666
1,松  KUC539 麦饼薇
0,亲爱的主播2000万
1,看妹妹名字夹丝袜洗白ᚠ了
0,皇家国际
0,1+1☞7
0,我刺激
1,﻿看逼家14055 88224 口.
0,今天有潜艇🐎？
0,小学毕业
0,你的心的心的心你的心
0,这个赛季的皮肤贼粉嫩嫩
0,烧上
0,哼  借口 理由
1,迦威 sx111 505，有囊人想要的                 wf
0,lol哦咯
1,蜜桃臀
1,XYM7-XYYX-DV7P-FNNY
1,﻿看逼家口15373608
1,﻿熙好看 FTA675 ᚰ☎☎☎
0,坐远一点不
0,一头发情的母猪
1,绞 ＴＲＡ２４５❤ ❤日批666666
0,加户口吧
1,𝐩𝕒𝕒495ᚰ脉片
0,偶的头像最闪亮
1,晗喂心CAD571
0,奇葩人....
1,卖网址～
1,贼 29526 Q 77544
1,凡 CC-名字-看拼ᚰ
0,刚醒
1,换网址的＋
0,88  50  50 50 5 10 30 30
0,很好奇主播長那麼美為什麼沒男朋友
0,呵呵以前做酒托叼样
1,震惊某c主播扁桃喝了肾宝片一晚上直播撸阴茎都爆了
1,﻿染 29521 91783乞儿
0,很高
0,5568买的生日号码
0,王者荣耀好玩
1,后入口 2563 79431
1,2386 3540芸妹+口口ᚰ .
0,妳真的很美耶
1,伽威咯 lyg11223305  笨人自筘 领8b
0,Eleven
1,勤 158 7996 2374 ❤
0,5250075
0,免费de
1,佩 TPK564ᚰ买乒威
1,网站+沜++买的私聊
1,黑丝诱惑
0,我也有粉嫩的罗宾汉👏
0,弃曲叫我干嘛呀
0,以后多听点开心的·。。开心的才能让人有激情。
0,客观别急喝口茶压压惊
0,妳真美
1,看姐姐名字+++我看沜
1,漯▅聊
1,看-篇-家-752753636企-鹅
1,妹水白2744 7053 口
1,玩加拿大伽企鹅78898098
1,8354 22224 加口口看芸ᚰ.
1,韵好看 FTA675 ᚰ☎☎☎
1,争取加微信玩玩
1,﻿2744 7053+俅俅看
1,有需要 Ktan88  WX
1,佳喂：sx111505可越km
0,然後我脫一件
1,网站盘买的私聊我
0,4999000c券
1,CUI698 微芸
1,看葡萄木耳
0,可口的人
1,老公抛弃想找一个男人视频做愛成熟稳重的男人加扣扣906622999不穿衣服玩视频加扣扣906622999
0,激情看完了，继续看电视去。
0,人美凶更美
1,﻿染 29521 91783+口-看
0,"2+1.3+2,4+3,5+5，，，"
1,hhk9543+喂++HHK9543
0,烧法需要8100-8500万经验
1,bibi 
1,ХКЕ585ᚰ我是卖盘的
1,圃+CC.名字，是威，大波波
1,被抛弃了想找哥哥视频爱爱喜欢妹妹视频的哥哥加扣扣
1,漙 KTM657 ᚰ靓妹
0,我玩的是刺激战场
0,加没收
0,私人微信
1,卖片+CC③412〇282⑤
1,﻿ 1910 5764寂寞少付口。
0,Emm..
1,网红爆擦+++看姐姐名字
0,好养
1,买网站盘的私聊我0+
1,卧槽卧槽卧槽  😂
0,呦，开心这么傲娇，傻盼你怎么调教的
1,2◍48 7832姑娘避ᚰ
0,微微辣的
0,虐狗的名字。。。
1,ｉ４ｉＳ４.ＴＯＰ菟费成亻
0,打打王者ᚠ
1,网址盘看姐姐名++
1,要看毛骗加v542585757，卖个网址全清晰1
1,眢 29526 Q 77544
1,看偏想买的私聊我拉
1,KS 90096+.
1,优 29526 Q 77544
1,+口 ─5四2 7049
1,网址 盘私聊我好友
0,看网名的
0,15名8百？
1,黑 ＴＡＤ７６５☀☀日批666666
0,加班一天500
0,5+5可以吸血
1,看妹妹名字家洗白白ᚠᚰ了
1,奶头
0,我把109卖了 再玩70ᚠᚠᚠ
1,老 ＴＡＤ７６５☀☀日批666666
1,块 29526 Q 77544
0,是不是4+1要完蛋了啊
0,五台机四千块....
0,精神食量
0,朋友5元刮刮乐都中100
1,荣 158 7996 2374 ❤
1,2◍48 78ℨ2怒日姐ᚰ
0,朋友打电话撸串嗖嗖的跑
1,𝐔𝐗４４４２卖片舒服
1,﻿“蛟龙22”用拼音伽徽看ᚰ
1,看-加-企-鹅24602 23456ᚰ.
1,家庭 人 妻 斯挖 a11021 95422 口
0,口干
1,兰  KUC539 麦饼薇
1,。国浐尺度 24365 08094 口
0,谁哦.
0,电线杆直女
1,75+275+36+36++企++-鹅
1,热辣演艺听指挥ZF２２Cｏｍ始
0,感谢你的超能卡
1,看名字➕v爽骗q
1,2605 464303加抠包爽
0,：7610机皇
1,﻿溥☎☎ +C名看P，是威哦，刺激哦
0,啥区五金这么贵
0,下午茶鱼头汤圆加一杯咖啡牛奶
0,亲爱的跳个舞看看
0,我中了选5555555555555555
0,买哦了
0,（─__─）┌天空女粉
1,www.cao.com
1,兰 KTA679 买乒威
1,垚 ＴＲＡ２４５日批666666
1,𝐔𝐗４４４１卖云资源.
1,君 KMD255ᚰ 国妹亮妹微
0,老头叫我干哈
1,1537 3608看逼家口。
1,兢 ＴＡＤ７６５☀☀日批666666
1,24602 23456+蔲曰批666666
1,毓 29526 Q 77544
0,33块加币
0,可能程式設定
0,必杀+240伤啊。我觉得真的厉害。。
1,珠好看 FTA675 ☎☎☎☎☎☎
1,茜 CC-名字-看拼ᚰ
0,上着班
0,国锅国嘉有果郭国钾的锅各
1,卖片的私聊哦
1,看盘+752753636名字
1,巽 ＴＡＤ７６５☀☀日批666666
1,﻿15373608口
0,520更好中一点
1,妹妹的 BHC979 威
0,77  15.5
1,佳喂：sx111505可越Zs
1,﻿2787 9947 少女+口.
0,拉一拉丁字裤
0,傻丫头
1,染买P，加乞鹅 29534 51608
0,碧丽的
1,FS6791篇妹ᚰ
1,琦鹅752753636家琦鹅752753
0,为什么你的头是高清画质
0,就是女生叫你去摸他咪咪
1,名字+++围+爽沜00
0,啪啪啪，啪啪啪
1,KB80098片？
0,看PC的
0,( ¯••¯ )你的无耻打动了我
0,留点币只飘屏
0,qq红包哦
0,借口QAQ
1,﻿染-黄色 K U C 5 3 4
1,𝐗Ε𝐊496荬盘
0,33937214.加我！
1,看小妹名字++++看小妹名字++++
1,800包夜 想玩的私聊 我旗下主播，可以援交
0,我要绿🐎
0,159到175要70E经验
0,亲爱的雪儿晚上好
0,烧烤田螺水煮毛豆花生
1,看看4750的女模，
0,夸漂亮美女会说三个字
0,三千万大主播不刷刷鸡
1,名字+++喂爽毛沜
0,靓仔直播可以抽电子烟吗怎么我看到有主播在抽
0,不能跳个舞精神精神一下
1,迦威 sx111 505，有囊人想要的             TI
0,美滋滋 很美、
0,80008微笑
1,UKC762芸妹美腿，...........
1,mmp
0,湖畔口
0,全路小狗
1,需要看名字家妹妹封号包换的高清午马了
1,﻿染-麦饼-喂心  C₳D571
0,嗨你好
0,刚才有个混蛋跟我怼
1,家-752753636看-丝袜家-企-鹅ᛀ
1,都挤出来的你的真材实料的
0,专业的
1,2218439086+++口+口+
0,可破
1,英 T6787V 纯情
1,14195 55965芸口口
0,你知道胃不好
0,请假一天200没有
1,加Q群~366~292555免~费看真人现场做爱拖光衣服指挥跳舞已经看过验证~真人喜欢的加下
0,名称5.21小红包
1,看CC名称+扣
0,去找你虎姐
0,这个可以微信充嘛 想弄个🐎都不行
1,UKC136 芸妹美脚ᚰ
0,克妻ᚠ
1,﻿2563 43098+口口看
0,嗨小夏
1,75-275-36-36-/+企+-鹅0
1,可能都是边听边作爱的ᚠ
0,我看看PK的
0,把说靓仔的封了
1,冉 KMD255ᚰ 国妹靓妹微
1,ｘ𝐜ｋ３９６ᚰ看盘
0,来首星月神话
1,勤  KUC539 麦饼薇
0,你知道誰嗎
1,都TM煞笔给我闭嘴看比赛行不行
0,性感誘惑
1,家庭 人 妻 斯挖 a1102195422 口
0,人越富会感觉越穷人心总不会满足
0,大家大家，我刚刚开了那个蓝皮两个动作诶
0,清爽
1,每天看直播撸管
1,晶 157 5176 4994 ❤❤❤
0,偶尔看一会
0,昨天晚上吃撸串
0,请大家不要关注
1,家庭 人 妻 斯挖 a1102195422 口 3.
0,我175好无聊哦，又没钱更新
1,1255 4971 黑足加冦..
1,﻿84444 1062 哨夫+口
1,猥琐电瓶在线日钢丝球
0,不知原因退出
1,韵 FTA676 麦-Pღ
0,999 四万八
1,ＫС４００７Ｃ曰批  666666我爱你
1,名字+++喂爽设摄
1,娜 CC-名字-看-电视ᚰ
0,茄子。🍆。
1,﻿2074 9937 奶香家宼
0,嗨美女妳好
1,楞 ＴＡＤ７６５☀☀日批666666
1,需要买黄的私聊
1,看女全部Q群~366^292555免费
1,﻿FS6791 嘿咻熟妇
0,看到糖瓜这名字，又想改名字了
1,0303hh.com
0,陈情令哦
0,尿尿帶著旋律說666
1,加.威.信
0,房间老大穷
1,妹妹眍现场直播忈溦信㏄33479
0,去自然家的飞机坐
1,蔻1967 4651素女蔻1967 4651素女.
1,本+CC.名字，是威，大波波
0,人口才4 5百万
1,www.377nv.com
0,拼写检查是判断数据是否由手动输入的最明显的方式之一。
0,不爱你
1,看1255 4971蔻蔻
0,那个靓号在哪里弄
1,伊麦-拼-威ＫＵＣ２３５
1,安薇 w2753636
0,没看vx 吗
1,勾勾诱惑深
0,啊哈哈哈哈，不要再刺激他了(ﾉД`)
0,别提了 我感觉我都能捣鼓一天
0,擦擦你的口水
0,我不来ᚠ
1,都穿着内裤也能弄😂
0,也喜欢看动作片，喜剧片
0,你会讲英文
1,苕 ＴＡＤ７６５☀☀日批666666
1,老母猪饿还吃
0,珠联璧合#234
1,瑞麦饼-喂心 CAD571
1,www.5dtsne.top：1247
1,影 FTA677ᚰᚰ
1,无聊无聊无聊无聊无聊无聊无聊无聊无聊无聊无聊无聊无聊无聊无聊无聊无聊无
1,5元收在线看网址，加我
1,网站沜买的家好友私聊0.
1,贞 CC-名字-看-电视ᚰ
1,看CC名字加Q 资源.
1,巧好看 FTA675 ☎☎☎☎☎☎
1,看毛片加威信814749959
1,看名加Q片
1,皇色买的老哥私我.0
0,客服太可愛
1,2247 1419Q芸美
0,颜文字爆满2333
1,UKC917 妹妹的比ᚰ.
0,看到一无底4神木林！输出爆炸，投资应该十万+了！老板真的厉害
1,禔 ＴＡＤ７６５☀☀日批666666
1,夫人设 BHC979 威
0,牛逼
0,8500左右
0,三千你看成300
0,昨天晚上的
0,主播薪資高嗎
1,鸡鸡
1,75+275+36+36+企*-/鹅++
0,帶眼鏡看看那麼吃力
1,滓2952700242+口666666
0,你去一百块钱刷礼物刷到800万
0,硕果仅存
0,全路的
1,在里面做爱做的事吗ᚠᚠ
0,黑暗包青天
1,佳喂：sx111505可越u7
0,35块买包烟
1,﻿染-伟心 ＫＵＣ５３７
0,约瑟夫约瑟夫约瑟夫。
0,点头关注
0,妳這那飯這是泡麵好嗎=/
0,大學生
1,﻿染-靓-妹-卫星 ＫＵＣ５３７
0,你可以wx电话☎☎
1,色❤单❤身❤男❤懂❤加❤色
1,看-夹-企-鹅-752753636ᚰ
0,﻿以前黄色的灯
1,1255 4971 丝足加冦
0,去星月
0,呜呜呜
1,腼麦饼-喂心 CAD571
1,看看CC1777 星域
1,兮 FTA675ᚰ
1,漙  KTM657 ᚰ☎☎
0,求带求带
1,美喂心CAD571
0,遗望XX爱恋
0,没播起来
0,陈小春的
0,他问我干啥去了
1,看骗加q.495851478
1,加VX13751998067
0,3000万300块
1,qk4459++喂++QK4459+
1,24365 08094口24365 08094口
0,你直播间不会中奖哈哈哈
1,网站++买的私聊我0
1,磷 ＴＡＤ７６５☀☀日批666666
1,希望你赐做你陪葬品好
1,阿姨精力旺ᚠ
0,你直播间不让说话
0,231620解锁码
1,﻿染 157 5176 4994 卫星
0,鬼🐎是什么，我只知道鬼父
1,﻿KMD253微
1,啪啪啪啪啪国产日产长夜漫漫无心睡眠
1,ＵＸ９９９２前进后插
0,搞定收工ᚠ
0,我去你俩这是过来刺激我
1,KS 90096++喂0.0.
0,慧慧 睡觉觉
1,﻿KUC698
1,想看篇资源私聊
1,UCX 139 日爆妹妹ᚰ
0,等到你关播大家一起休息
1,安 CC-名字-看拼ᚰ
1,名C+芸
0,这个动作我看到有人跳过
0,452.403.
0,不薄
0,好的，我相信了，ᚠ
1,磷拼-企-鹅16146 5267
0,七月
1,3408781589ᛀ看扣
0,STEAm里面的
0,眼睛好漂亮
0,章鱼哥
1,VP》黄权》黄》红》蓝
0,荔枝...........
0,义乌小商品城
1,还没我鸡吧粗ᚠ
0,按照我教你的那个方法 去搜附近网咖
1,需要买网站盘的私聊我啊
1,甫麦饼-喂心 CAD571
1,3w.66778.com
0,也是番茄啊
0,这不聊天就是唱ᚠ
1,８０５８７６８５３３
0,天都黑了你都没来过没来做
1,﻿2744 7053+口看
0,哦哦  想歪了
0,口口剑口口
1,口290850294动漫丝
1,裸
0,圣旨 你刚知道
1,对不穿衣服的
1,﻿2952354478换号666666
1,专业制作高压静电三级净化器安装维修请
1,网站+看姐名字+.
1,小受玩猛男(ಡωಡ)
1,我要买片快卖我
0,不要问女生身高
0,系哦系哦
0,不是，咖啡不是提神吗
0,電話
0,平台女主播都很骚你骚大妈
1,看姐姐名字加我看篇.
0,看的我和二师兄发出了好几次
1,774733332逼家口
0,屌丝三门派
0,妳真毅力
0,平飞普陀都是3000+😂
0,你直播方式想走路线
1,买盘的看我名字家+我
1,﻿1506 4775蔲曰批666666.
1,需要买网站私聊我便宜.0.
1,𝕊𝕂𝔼597➽➽片
1,猛干大咪咪 UKC127ᚰ
1,迦威 sx111 505，有囊人想要的            ly
0,什么清零哥哥
0,159 170-175呢
1,𝐓𝐌2971舒服资源.
0,未来的老婆
1,﻿UKX735抽设
0,hhhhh傻青青
1,网站++买的私聊我00
1,艺麦饼-喂心 CAD571
0,皮皮虾贼难吃
1,抠Q487444607
0,满暴150+速度即可
0,想看+1……_(:з」∠)_
0,很吃字
0,哪里手续费需要1900....
1,﻿ＵＸ５６６２前进后插
0,哪里嫩？
1,加微免费视3300894737
0,电费网费
0,有点像个小男孩
1,送个跳蛋你
1,﻿看我名字-
0,对头
1,卿 KMD255ᚰ 买-拼-微
0,今天你家门口路过
0,河北·方言腚是是屁股的意思ᚠ
1,漙 ＴＡＤ７６５☀☀日批666666
0,哦哦老婆的腿
1,看片~加扣1665977823Q
1,KS 90096++威
0,换名字好玩ᚠᚠ
1,冉 FAK256ᚰ
0,可能刷出来500600万
0,人生错方向停止进步
1,国浐尺度 243 6508 094 口.
0,无语中........
1,网站++看名字家我看丝袜封包
1,𝘟𝘏𝘊593ᚰ
1,芳 29526 Q 77544
1,關注主播迷路带回家住啪啪
1,𝔲𝙮𝔪693ᚰ盘片
0,去武汉看比赛
0,3400 2500 2500 我看过
1,黑AKUMA黑的体无完肤
0,巧妙的避开
1,𝘍𝘛𝘈675☎买乒威。
1,75+275+36+36+企-鹅+看+丝
0,CCTV.com
1,ＫＵＣ２３５，
0,抠脚
1,然  KUC539 麦饼薇
1,信号真人表演
0,嗨，鹿可爱ᚠ
0,好意思
0,去別炸的
1,窘 29526 Q 77544
0,我三界功绩满了 没屌用
1,伽徽伽徽：sx111505可聊可约 b9伽徽：sx111505可聊可约 gE伽徽：sx111505可聊可约 Ei伽徽：sx111505可聊可约 yg：sx111505可聊可约 yy
1,752753636ᚰ盘
0,麦片真好吃
0,emmmmmm......
0,今天在房间里特别热
0,七夕的
0,3200万左右
1,﻿染 FTA676 ᚰ﻿买-乒威
0,七月上ok
1,会一个姿势
1,﻿溷 ＴＲＡ２４５日批666666
1,老哥们.想要买黄偏的私聊
1,狂插╬企鹅ᚰ 1537 3608
0,去聽中國有嘻哈（三年二班）
0,天机 感觉要700左右了
1,麦蛋哥，屁股哥
0,我妻管严
0,46000左右
1,巧 158 7996 2374 ❤
1,看篇的老哥们..需要买的私聊我0.
1,UKC136微丝袜ᚰ
1,伊薇 w2753636 黄色
1,﻿C-名-字-瞧-篇
0,這沒點可能儲值看看
1,莉 157 5176 4994 ❤❤❤
1,佳喂：sx111505可越cu
1,〈2⦿48 78ℨ2〉摳笔ᚰ
0,没看卡姐打过屁股
1,V微信hpp2212马上开车
1,12554971+企鹅
1,  763国妹丝
0,lD44261915
0,你会抽烟会
0,我俩下
1,皇色买的找我私
0,亲爱的早上
1,路 29526 Q 77544
1,卖盘的加我，我要看盘
0,你可不可以送一个小铃铛的问题
1,75-275-36-36-甲-企-鹅-设
1,𝘍𝘛𝘈675☎☎ᚰ麦P薇.
0,安然
1,轩 FAK256ᚰ 看-电视
0,跑业务别人办pos机的
0,扭屁股😂
0,情商太低
0,可怕的红嘴唇
0,哦豁哦吼吼
1,".,0mnb6 5vcw|?,KM FCDX 54"
0,25手左右
0,vx和zfb钱放不久，还是少放比较好，上次放1w一天祈福完了ᚠ
1,看妹妹激情表演加微信xw6271
1,𝐇𝕌𝐗457
1,75+275+36+36+企-*/鹅0
0,感觉刷199中100倍瞬间8万金币
1,块+C名是威看咪
0,哦呦有妹纸
0,175的狐青
1,XCK396卖盘
1,佳喂：sx111505可越d5
0,加粉丝团美滋滋的哦
1,舒 w2753636 麦饼卫星
0,钓鱼走山路比较
1,鹏鹏1百元1百万喵币送3千娃买加q670555491先货
1,2563  43098+口口看
1,❤❤❤❤❤❤❤❤单❤❤❤男
0,好吧唧
1,愎 29526 Q 77544
0,美光ᚠ
0,bhhhhhhhh
0,想带动美美哦起码得要国服。
0,你wx公众号搜索
1,皇色买的老哥私我..皇色买的老哥私我.
0,人生啊
1,看姐姐名字家.封包换哦
0,点名字权限
1,黄播不
1,卖片买网址的加好友
0,噗hhhhhhhh
1,澽 KTM657 ᚰ亮女
0,美女
1,韵 ❤FTA676 麦-Pღ
1,操逼得劲
0,等半天。3倍狗。
1,自慰器
1,"﻿KMD253 买-拼ᚰ,"
0,mvpmvp
0,朋友关系很少
0,人呐
1,枝 FTA676 麦-P
0,17  19 19 17 17
1,需要网站.盘的私聊我
0,2700W 100名
0,平台看开车不
0,凤凰古城好玩不
1,.2218439086+++口+口看视频
0,新冠疫苗
0,發現你越來越笨
0,极速
0,开5000  7000R
0,那个人这么不懂事
1,﻿蔻2107 4319 少腹
0,哦哦。ᚠ
1,喊奶子😂
0,5*15 750.
0,555 我想打大名士
1,24602 23456 看逼家 口...
0,女主 朱咪咪
1,无码290850294扣
1,❤❤❤❤❤❤❤❤单❤❤❤男，。，！
0,鸡屁股似的😂
0,欢迎琦琦大美女ᚰ
0,175*27 4725
1,𝐔𝐗４４４２狂干少女
0,你再去看一下的签名
0,哦哦，没看名字
0,这种满催 BB装备30+的值多少钱
0,合区看大佬撕 贼刺激
1,D.国.著.名.影.星.名.字
1,﻿若 FAK256ᚰ看电视
0,人话
1,慧  KMD255ᚰ买-P
0,ᚠ不是我干的
1,踢看到你nai子受不了
1,𝙓𝙀Ｋ496ᚰ来啊
1,谁找麦片的，私聊
0,他骂过我ᚠ
1,买片的加二号麦，哦，尼玛！
1,马上射你阴道里
0,9-9-30左右
0,四口人
0,人人责任感
1,8354 22224 加口口看芸.
1,Η𝐘𝐑382ᛀ片盘
0,国家需要你
0,昨天晚上不能说
0,我被踢了
0,做好事不留名
1,𝐔𝐗４４４２狂日少妇.
0,cc果卷
1,需要皇.的私聊0
1,被干和干
0,双胞胎姐妹还是好些· 她们换着挨打
0,去找刀
1,熙 FTA675ᚰ你的-爱
1,佳喂：sx111505可越M9
0,100中700太爽了
0,又要骗人哦
1,v2048 7832美足+口
0,sinA+sinB=2sin((A+B)/2)cos((A-B)/2 cosA+cosB=2cos((A+B)/2)sin((A-B)/2)
1,秀 w2753636 麦饼卫星
0,800 810左右
0,ᚠ哦哦哦哦哦，懂了懂了，我还以为人家为了你30红包疯了
1,栩 ＴＡＤ７６５☀☀日批666666
1,─4九5 9967
0,.....打包送哦
0,不你采访下路人
0,女神型沒
0,看人家谦谦，买号自己炸
1,BH90094夫人射+ᚰ
0,简直就是奈斯ᚠ
1,﻿正向9786 49984
1,+4KKKKKKKKK  ++++++++++++++++++++++++2051401435+++++-*4m
0,喇叭爆
0,341185395
1,你他妈要不要脸
0,上学还直播
0,抖音神曲《八神搖》EDM Remix
0,妳是貓播最美耶
0,不好听ᚠ
1,5000赔睡  77看奶
0,看看排名19的男人
0,去一天走
0,本来以为能刷点结果还是一样。
1,臭杀b
0,330ml的雪碧 1分钟
1,趣 29526 Q 77544
1,Н𝘠𝘙382ᛀ好片
1,阿姨逼毛多不
0,我处理了8000万左右
1,需要买黄资源的私聊我
1,2048 7832妹控ᚰ
0,累死了累死了sllwllwlwllelwlllwls
1,扫码付款
0,各个国家有各个国家的国旗ᚠᚠ
0,请打工
0,你会飞
0,名字好听人也好看
1,晟 ＴＡＤ７６５☀☀日批666666
0,买卖碎片
0,人生
0,没事听下歌刷一点而已
1,茜 29526 Q 77544
1,﻿2140 8797 摸逼家口
0,狼爸
1,芳 CC-名字-看-电视ᚰ
0,咖啡杯还在？？
0,吊胃口
0,我老家是那边的
1,比 ＴＡＤ７６５☀☀日批666666
0,名字啦
0,777377
1,本人在线骚聊；需要小妹服务的加扣扣；3028525367本人在线骚聊；需要小妹服务的加扣扣；3028525367本人在线骚聊
1,我可是精通所有女角色的内裤呢(>ω<)
0,钱不是玩的
1,违 29526 Q 77544
0,平台上想交到很多朋友
0,七夕情人節快樂愛你
1,兮 157 5176 4994 卫星
1,看企75+275+36+36+鹅
0,哦哦，好无聊
1,看美女托.光加微.信mei93008
1,老哥们买沜的私我..0.0
0,寂寞的老男人ᚠᚠ
1,卖片的加我  我要片
1,在线观看 需要联系1
0,买外设加我
1,看黄需要的私聊我00
1,2360 8544 芸妹+口ᚰ.
1,2744 7053 寇擦妹
1,佳人的400闪亮亮
1,莉 FTA676 麦-P
1,─5四2 7049蔻
1,﻿奶少籹2591 1478 口
0,靓仔嘞好哈
1,琦麦饼-喂心 CAD571
1,﻿61444 Q 4232 逼家
0,清新绿色....
0,加我lD36324824
0,17-18W左右的
0,好热啊
0,82年的雪碧
0,妈的，装修我干活啊
0,狼你干不冲满电走
1,KK是看看  后面自己想
0,今年的限量八九不离十的 也是猪
1,cc9008787王九蛋
1,伊薇KAD534
0,對著手機自言自語哈哈哈
1,.75-275-36-36+企++鹅
0,白菜经历了被猪拱了ᚠ
0,57名
0,开车半小时
0,ᚠ都跟你说直接拿wx
0,四舍五入我已经是一个猛男了
0,哈哈哈哈哈哈
0,刁民
1,僵 29526 Q 77544
0,好漂亮的磕碜美女
1,看片加威zc597705835  免费试看
1,KUC763嫰丝妹
0,美女水灵
1,輸一次脫一件
0,放假哥感謝支持
1,1豬樹坎梶群176534781
1,老公不要想找一个鸭子视屏座愛成熟稳重的男人加QQ5065--09600光着屁屁玩
1,帮你舔奶头好不
0,放三个小母狗
0,云兮妹妹，想你
0,我去年中的两个一千块钱没给我👿
1,愔卖--薇ＫＵＣ２３５
1,─5四2 7049家球球
1,卖片，要的加我微信，bb807492449
1,2744 7053 籹水奶🇶
1,加我v看美羊羊洗澡
0,你为啥不穿一套熊猫呢
0,昨晚这么多抓鬼的ᚠ  封ᚠ
0,惹尘埃
1,骚货，我又回来了
0,有害
1,﻿性感撕挖 1627 4251 口.
1,𝘒𝘜𝘊５２７ 麦偏薇，
1,2952354478+蔻曰666666
0,12点下班
1,蔻 ─5四2 7049
1,﻿看逼家 1934 3631 口。
1,加，v看美羊羊洗。z，澡
1,75275+3636+看我的名字家啊
0,哦哦，小男人
1,筘16274251曰批 666666
0,能不能激情点，就这么点人气也就武大郎的一半
0,晚上还有兼职吗
0,想要红包。
1,怦 ＴＲＡ２４５日批666666
0,青丝丝ᚰᚰᚰ
0,给我一个吻可以不可以
1,慧TPK564ᚰ片薇
0,设计一个500块钱
0,去做饭吃有人要麦直接收的麦
0,"今天早上他打脸,对面女主播打屁股"
0,给你🐎两保龄球
1,黃靘网w2.pm
0,别的平台的一个主播
1,𝐩𝕒𝕒495ᚰ唛片
0,MJ小老弟儿帮我刷波礼物
0,讓來給你一組520
1,美微 FAK256ᚰ 看-电视
0,···土豪啊····
0,朋友当兵回来天天再玩
1,2048 7832鷞日+αᚰ
1,能啪啪啪啪啪啪啪啪吗
1,薇新5131525【诚信】分
1,滓+C名是威看咪
1,滓 KTM657 ᚰ亮女
1,恍 29526 Q 77544
1,看CC名字加Q 资源
0,~你那玫瑰酱还在啊
1,打你麻痹的光告
1,名称是网占名称是网占.名称是网占
1,2386 3540芸妹+口口ᚰ2386 3540芸妹+口口ᚰ2386 3540芸妹+口口ᚰ
0,500万一百元
1,智 ＴＡＤ７６５☀☀日批666666
0,家庭地址高。
0,夸没有界限
0,我现在腰带挂件+中医那个戒指·就3件全部程度了
0,去掉一个纽扣
0,我的凤児果然很浪很飘很厉害。ᚠ
1,752753636黄夹-企-鹅
0,两主播欺负人ᚠᚠᚠ不玩了闪人ᚠ
1,英 29521 91783乞儿
1,沜++网站++买的老哥私聊我
1,qk4459++喂+++QK4459
1,性福 ─5四2 7049口
0,哥私聊
0,哦哦，那我扫码
0,抱一抱爽歪歪
0,咖啡➕面包
1,秀 CC-名字-看-电视ᚰ
1,﻿C9667D 猛射资源。
0,要买就买无人机补给
0,这妖娆的屁股
0,多喝热水ᚠᚠ
0,哟哟哟哟。
1,﻿染 FTA678 ᚰ﻿买P
0,拿下了已经
0,想看万年竹QWQ
0,雨落ᚰᚰᛀᛀᛀ
0,得行
0,cc号346452423
0,贼刺激
0,这个女主播真的好看
1,潢播【丝丝】强下载【丝丝
1,2074 9937看逼夹口
1,包嫩模吗？
1,❤❤一对一视贫❤❤需要的哥哥私聊我
0,全六
0,看看名字
1,买篇加企-鹅2048 7832ᚰ
1,国产，高清，自拍，小视频
0,欢迎胖胖ᚠ
1,𝙝 𝙠 𝙭５９４ᚰ卖盘.
0,情人节那天说分手
1,﻿UKC173 芸妹美脚
1,为爱脱光么
0,😂vx都没搭理我呢
0,很多次没有说话
1,豬樹 .坎梶群176534781
1,有卖片的吗  私聊我
0,你是不是三生三世里面的白凤九
1,皇盘要的私聊+
1,在线观看 需要联系，
0,很好聲音飽滿
1,这个平台最不缺的就是大波妹
1,芸妹+口 2360 8544ᚰ .
1,彤麦饼-喂心 CAD571
1,﻿口 22世7 1419 资源.
1,yh98ku 网址
1,荔TPK564ᚰ片薇
1,懂逼夹2247 1419口
0,啵啵：爽
0,哦....
0,主播T人要搞清楚··我是来看你开书的··是你的粉丝先要搞事情
1,芸喂 BHC979 威
1,🎁657ᚰ☀
0,+2的应该都没人要
1,﻿兮-美-丝-薇 KUC539
0,到家辽到家辽
0,无畏无畏无畏无畏
1,2787 9947 傻女+口
0,要拍的美美的哦你一定要
0,666(^)嫌弃你
1,龊 29526 Q 77544
1,7747 33332曰逼+口
0,嗨牛乳
0,小鹿不是退群了🐎
0,女神有点高冷
0,满意满意ᚠ
1,XCEF64115324
0,从60名到47名了
0,胖才好没人搶
1,名字+++围爽0
1,茜拼-企-鹅1614 65267
1,买盘老哥私聊我
1,qk4459++喂看吗沜
0,浪浪要上班时间再见(˙︶˙
0,去找
1,看资料+威有你想要Z拍免费  
1,kkkkkkkkkkkkkkkkkkkkkkp
1,文 CC-名字-看-电视ᚰ
0,美女你好你好你好你好
0,你们这群水友还不给生哥结账
0,DEAR JOHN -比莉
1,轩片ᚰ136 6458
1,ㄛりナドぴノゐろ鱑鳝値噃+嶶360752391
1,炯 29526 Q 77544
0,自己跑八卦 哈哈
1,﻿FFX974
0,枯总要玩的开心呀ᚠ
0,去玩老虎去
0,互相套路求進步
1,冉微 FAK256ᚰ 看-电视
0,抱住任任亲一口
0,瞎折腾
0,哦哦哦哦买噶
1,Np74Np上万部片云盘30永久
1,后 妈的诱 惑 a1102 195422家 庭 人 妻
0,缓存看
0,主播，须弥现在370+高敏，怎么能在18门提成440+高敏
0,🐷+打游戏=男生
0,傻傻的Hebe
0,感冒比吃药还难受
0,卧槽，🐶超甜
1,爽喂心CAD571
1,qk4459++喂看沜
1,扑+妞Q2402779︹890妞
1,买-加-口 2787 9947
0,朋友不分离
0,慧慧加油
1,百度云黄片需要的看头像加微信
1,𝕩𝐞𝙠496ᚰ爱爱
0,想要想要想要 求中奖！！！！
1,纵 KMD252 买-P-微
1,需要看我CC名字 加扣看片
1,歹 ＴＲＡ２４５☀☀日批666666
1,虢 29526 Q 77544
1,佳喂：sx111505可越qw
0,我刚才被一个小孩吓到了
1,UCX ł39 爆日嫩碧ᚰUCX ł39 爆日嫩碧ᚰ
1,ｘ𝙚ｋ496ᚰ看片.
0,无惊无喜
1,想买信誉好看篇的私聊我有保证.
1,悦喂心CAD571
1,↖戳我姐好无聊来看в
1,迦威 sx111 505，有囊人想要的   bC
1,矞 ＴＡＤ７６５☀☀日批666666
1,.网址盘私聊我好友
1,兴 ＴＡＤ７６５☀☀日批666666
1,舒 w2753636 麦饼
1,想看的加我，美少妇
0,我也要红包ᚠ
1,61444 4232寂寞姐妹
0,难道是你喜欢他屁股ᚠ
1,𝘒𝘛𝘔657ᚰ麦P
0,10加9...
0,看到火箭
1,絡 29526 Q 77544
0,我刚刚去了
1,惨 CC-名字-看拼ᚰ
0,加到黑名单
1,看片加qq424062402
0,大实话。ᚠᚠᚠᚠ
1,看片网址
0,烧的鸡爪，茄子，大白菜，西红柿蛋汤
1,皇要的私聊
1,慧慧，小机机在找你
0,发广告吃
0,高三打基础  高四985ᚠ
1,带妹妹去开房　复制　ｚｆ22ＣＯＭ　打开　盈
1,b站视频50587377的4分钟左右，QAQ
0,家境贫寒打扰了ᚠ
1,落 KMD255ᚰ纯/洁
1,一对一+
0,看不起靓仔么
1,看-752753636-姐-姐-的猫
1,网站盘私聊.0
0,百目鬼要迎来首胜了🐎
0,猫咪发情了
1,佳喂：sx111505可越As
0,ᛐ奶妈+1
0,女号没什么要求  好看 神兽2只+
0,讓公幹
1,黄色买的老哥私我.0.0
0,请你吃肉棒主播
0,YY -。-
0,嗨皮
0,風格不搭
0,ᚠᚠᚠ我好帅
1,𝘍𝘛𝘈675麦片威
0,亲亲封号提现的礼物钱还账
0,三千八百多万送到剩下一千万
1,暠 29526 Q 77544
0,one essay two analysis
0,优秀的口琴
0,20万就拆二代了，卧槽
0,一长三短
0,퐊퐂퐕９９７ 好看
1,﻿姐粉嫩 2744 7053 口
1,各种看哦，看名
0,175要10万左右玩着舒服
0,客服很正害想儲值
1,站起来看看乃
0,老的帅哥赵万兵
0,哦哦哦哦耶
0,对面借了BB跟装备 要干你
0,他一让我加企鹅我就可以判断了
1,性欲强 ，但我不暴躁啊
1,美少籹2591 1478 口
1,﻿口真臭啊你
1,﻿溷 KTM657 ᚰ靓妹
1,点我点看大乃大屁股撕
0,去医院看看比较好
0,怪会用固伤要加点血+体
1,佳喂：sx111505可越si
1,"﻿KMD253 买拼-微ᚰ,"
1,看全裸微.信xxn862包爽
1,免费更新福利帮你过过任务好
1,看片高清加v:www13925739337
0,7500左右
0,25.7.25.5.25.0
1,8RMB 免费网址
0,难道不是🐎
1,看妹不穿衣★聊加Q1182475972
0,因为你的妻子被烧毁容了，所以你疯了，杀了你的女儿和你的狗
1,ΗУR382ᚰ买片.
0,跑车一出来马上下面就弹中500倍的
0,KTB-022
1,抠逼加薇2928046748抠逼加薇2928046748抠逼
0,中午开箱，开到一辆粉嫩的摩托车🏍😂
0,不行大号这个杀不过杀不过卧槽妈抱一下四千多血那个暴击一下六
1,需要网址 盘私聊++
0,+9999
1,13074053我ID，加我
1,兮看-拼-企-鹅23060 7435
1,𝘍𝘛𝘈675☎ᚰ买乒
0,20+最少了
1,𝘍𝘛𝘈675麦
1,〡506 4775╬α暴力插毕ᚰ.
0,去直播间充值三百以上送百分之五币
0,嗨起來跳舞
1,𝐌𝐍４４４２卖云资源
0,碛口
0,宝贝你好美好性感好漂亮
1,网站看我名字++.
0,人食掉
1,熙-麦饼-喂心  C₳D571
0,名字家我看丝袜了
0,哦哦哦    看懂了
0,好友点看资料
0,低贱bb环
0,大叫大框来个一生一世
1,冉看-拼-Q/33155 94194
1,伊 FTA675ᚰ你的-爱
1,黛 29526 Q 77544
0,+5000继续打造还不如买2w女魔号去转
1,买BABYLON STAGE新篇加企 - 鹅1145141919810
0,魔鬼的小碎步ᚠᚠ
1,𝙭 𝕙 𝕔５９３ᚰ快来看
0,好烦好烦
0,幸福汇报社会
0,一笑奈何游戏NO1
0,你不是还在shuijiaoma
0,有人3000块包进价哦
0,我无人机芯片不卖要卖就卖无人机
0,艺妹妹现实漂亮
1,﻿要皇色的看我茗字
1,欣 CC-名字-看-电视ᚰ
0,名字乱的
1,﻿UKX735芸妹
0,哦，自觉呗
0,还有上面那个你钱多
1,﻿7747 33332涩逼家口。
1,Qk4459喂看沜
1,﻿2787 9947 美腿+口
1,752753636ᚰ好嗨哦
0,有意思吗，5分钟ᚠ
1,我要铁棒何用
1,栩 29526 Q 77544
1,韵买P，加乞鹅 29534 51608
0,有电了ᚠ
1,迦威 sx111 505，有囊人想要的            Sp
1,﻿若 EYD235
1,番茄社区才牛批，直播❌❌oo
1,琰  KUC539 麦饼薇
0,卧槽，男神跟Chi总都主播开了
0,不需要这种活动啊  
0,困了。。溜了溜了。。晚安姐妹们
1,27447053看逼+口
1,X M24267我微
0,你帮我问问闹哥什么外设一会和我说
0,我只有靓仔的绿帽
1,﻿1964 7519 看逼家口。
0,夫妻搭配干活不累。一黑一白孩子可爱。
0,乱码的名字
1,看威新
1,贤 KTM657 ᚰ靓妹
0,12點50
0,emmmmmmmmnmnnmnnmmnnmnmm
1,你的内衣应该很好看
1,篇加企鹅351 417 3330ᚰ篇加企鹅351 417 3330ᚰ
0,594459459
1,1033365361ᚰ.
0,开炮ᚠ
1,Y W 90069+喂+看皇潘.
1,﻿7747 33332射逼加窛.
1,𝕏𝐄𝙆496ᚰ快来.
0,躺着显的平ᚠ
1,那天看见自慰类
1,❤运盘单身懂的加❤加油站我爱网
0,呦 呦 呦
0,衣冠不整😄
1,网址+盘、BH90068
0,感觉你好快的动作，快得。。。。
0,伙哥中午过寇岛？
1,汉庭偶遇一下
0,欢迎cccccccc呀！
0,mk47换成sks
0,英文名字我看看
0,帅哒ᚠ
0,你美丽有趣
1,﻿染 29521 91783起额
1,100=88万（币）货真价实需要加QQ
0,欢迎777777777777777
0,来首匆匆那年可好
1,看姐姐名字++喂+沜
1,2787 9947 美腿+口.
1,贞 KTA679 买乒威
1,加我爽
0,扭屁股了吗？
0,恍恍惚惚恍恍惚惚
0,嘣-------嗙
0,哦哦哦哦哦哦哦哦g
0,跑调
0,说相声ᚠ
1,走私不迷路
0,2碧藕
0,哦哦怪
1,要买片
1,8695 33334操翻天ᚰ
1,英 FAK256ᚰ
1,网站+沜++买的私聊00
0,看电机要看电线杆
1,还阴道
0,不想再说话
0,可怜你
1,zu. 0. a 1
1,2577 97316蔻曰
1,网站+沜买的私聊我
1,璐 FAK256ᚰ 国美足
1,迦威 sx111 505，有囊人想要的            yh
1,韵 T6787Vᚰ纯/洁/P
0,要买自己买
0,包包去看比赛
0,17 17  17  17
0,来首远走高飞
1,𝐔𝐗４４４２狂干少女.
1,𝐔𝐗４４４２加微舒服
1,小jj
0,晴晴快减肥
1,名称是网占vv名称是网占名称是网占
1,族  KTM657 ᚰ看
0,老七，抱抱，摸摸头ᚠᚠ
0,感觉159 175带狮驼爽
1,兮 CC-名字-看-电视ᚰ
1,佳喂：sx111505可越sM
1,ℍ𝕐ℝ82ᛀ盘看
1,喵族翘臀nina
1,拜托你真的太美认真的
1,熙-靓-媚-卫星 ＫＵＣ５３７
0,爱情不是感人的浪漫不是激动的热
0,去一次要花600
0,35+吧
0,嗨年輕星岑
1,2787 9947爆操姐姐
1,赶紧撸管
1,曲 ＴＲＡ２４５日批666666
0,哦哦哦哦哦，扁桃你个渣男
1,三级禁片免费看
1,罢麦饼-喂心 CAD571
1,加我VX----a13713637668
1,肚皮舞网ｗ6.ｐｍ
1,看+篇+喂BHC979威ᚰ
0,黑名单处理！
1,我加QQ群
1,舒 T6787V 纯情
0,姐妹今天不抽奖吗
1,买芯片30000左右
1,来个屌大的全包了
0,我想要十字路口美少年
1,网站++沜买的私聊我
0,小逼该ᚠ
0,没事，我陪你ᚠ
1,篇加企鹅 .20篇加企鹅 .2048 7832ᚰ篇加企鹅 .2048 7832ᚰ48 7832ᚰ
0,你会害羞
1,.荬皇盘私聊我
1,华 T6787V 纯情
0,5回合被干 ᚠ
0,高跟鞋高跟鞋看看
0,来首刀山火海完整版刷一组520
0,LOL有什么好玩的   没激情
1,加威信條件什麼
0,起来一点
0,小家碧玉型，，，
0,枯总你要相信自己 不穿洛丽塔你也是个萝莉
0,无名肿瘤
0,我刺激的小号强到被光子封10年·-·
1,落卖-姘-薇ＫＵＣ235
1,问你奶大奶头不要大
1,名字+++围爽啊
0,跑车一个500倍
1,勤 FTA675ᚰ寂寞少奶
0,嗨亲爱的晚上好哒
0,做只猪无忧无虑
1,另类筘 1542 7049
1,落TPK564ᚰ片薇
1,需要买网站盘的私聊我
1,猴网站BHC979 威
1,𝙝 𝙠 𝙭５９４ᚰ看盘看名.
1,"﻿溥 +CC名,麦P❤ ❤ ❤ ❤ ❤❤ ❤ ❤ ❤ ❤"
1,❤❤5块万部云❤❤
1,FTA677ᚰ好看在
0,ᚠ紫黑丝来一套ᚠ
1,毒药
0,昨天晚上亏了150元现金一直填坑
1,老汉推车姿势美女
1,﻿9787 98907+口口看
0,入口柔
0,520很好中500
0,不穿裙子谁看
1,彩金申请码521r8
0,我刚才听成了林可是公主身边的茄子 我这耳朵 哈哈
1,云 T6787V 纯情
0,49786925加我好友。
1,伽徽：LYG11223305笨人自位sz
1,名字+++围爽00+
0,去找点危机处置基金预防你啃土
1,材+Q48ˉ5749907
1,舒 CC-名字-看拼ᚰ
0,各种联名鞋
0,夸四川妹子说的
1,﻿24602 23456+蔲曰批  666666
1,賣片址，可以手机直接看
1,注意看我的名字，要片的加
0,SEE YOU啦啦
0,明明你还说以前以前
1,好想，被打屁屁
1,2744 7053+扣看
1,﻿8695 33334 老司机加口口
1,伟BHC979威
0,你，6连的时候不是说要射了吗
0,啊哦哦哦嗷嗷嗷嗷嗷
1,需要看名字加扣
0,去找妳喝
1,看CC名字加Q黄片
1,君 FTA677ᚰᚰ
1,α+2048 7832日姐ᚰ
1,75+275+36+36看名字
1,起来妞妞屁股
1,巽2952700242+蔻666666
0,可能找的你找不到
0,七夕去聊帅哥没
0,你知道喜欢你哪一点
1,𝕩𝐞𝙠４９６ᚰ爱爱.
1,美女喜歡精液嗎
1,伽筘 2575 21060 可箹撩 付俐br
0,亲爱的晚上好
0,辣
1,你加微的
0,我记得那时候我哥洗了个1400+4jn芙蓉，全区都是横着走的
1,速度开车xiaolindage
1,敞 ＴＲＡ２４５日批666666
1,轮 ＴＲＡ２４５日批666666
1,郁 ＴＡＤ７６５☀☀日批666666
0,妳真係所見之中最美丽的一个
1,﻿2287 9947 小媳妇+口.
1,后 妈的 诱  惑a1102 195422家 庭 人 妻
1,﻿1515 4683芸妹加口口
0,我有3个+17一个+16
0,347　　百分１４５
0,七夕是不是要出限量锦衣和祥瑞啊
1,UCX ł39微美丝ᚰ UCX ł39微美丝ᚰ .
0,哦
0,终极丹
0,四杀哦哦哦
1,𝘌𝘠𝘋235 ᚰ买-P-微
1,轩-喂心 C₳D571
0,high起来
0,琼夹夹
0,去过都的套路看不惯损踢出来
1,﻿溷☀☀C名加威看
1,君-喂心 C₳D571
1,1255 QQ 4971 懂得加樉
1,加微83430662 爽片ᚠ
0,哟哟哟、
1,伽徽：sx111505可聊可约gl
1,﻿KUC534 麦偏薇，
0,很尴尬
1,迦威 sx111 505，有囊人想要的            Q3
1,看CC名字舒服+Q
1,﻿需要看 加扣。
0,可能打字沒坏前私的
0,做生意天天都接触70的80的
0,9加9加2最高20
1,东北妹子逼大奶大
0,专业录取还会是国家线吗
0,无情无尽
1,惨 KTM657 ᚰ靓妹
1,╋溦4176127441妹拖銧表演
0,不晓得╰|·ิД·ิ |靓仔路过
0,风声哥哥2017财源广进
1,懁拼-企-鹅16146 5267
0,国杠1573
1,买皇资源的私聊我
0,胖几斤
1,凡 T6787V 纯情
1,月-黄色-CC-名字
0,你会买
1,﻿2953451608麦偏+口
1,𝓽𝓶2971卖云资源𝓽𝓶2971卖云资源
1,看-毛-7527-53636家-扣.刚刚
1,色情片
0,w美哦
1,若29534 51608 麦偏+乞鹅
0,我看到个笑话：在广州陌生人叫我靓仔，在苏州叫我赤佬
1,资源v加17596237188
0,靓仔你也早点睡(ﾉ｀⊿´)ﾉ
0,我儿子面条吃吃精神了·
0,520機率一半一半
1,UKC173芸妹美腿ᚰ
1,Y W 90069 +喂+看潘0..
1,兄弟想看脱衣舞的扣
1,﻿1934 3631 看逼家口。
0,我想看看守护的照片ᛐ
0,放寂寞的人听伤心的歌美女
1,尤 29526 Q 77544
0,520还你我要一块五
1,抠逼流水的视频
0,你直播看你
1,加V看蛆洗澡
1,UCK 169 爆日嫩碧[s电到了]
1,璧  KUC539 麦饼薇
1,75+275+36+36+企-鹅瑟啊  人之初性本善
0,张家口张北
0,开心ᚠ
1,慧-麦饼-喂心  C₳D571
0,东莞工业一号襄阳公园一号你不知道
0,恰饭了🐎
0,女神最近越来越会玩噢
0,23333333
1,黄鳝门没听说过
1,8695 33334芸妹+口口..
0,发红包吧ᚠ
0,刺激性气味的气体
0,请勿口嗨
0,风46+得武器有么
0,我想买3000伤左右的
0,去貓空維修
0,vb110000.
1,要买黄色的看我茗字.
1,﻿2074 9937 好看加口
0,美酒加咖啡ᚠᚠ
1,伽威咯 sx111505 笨人自筘 领   yq
0,主播说话贼甜
1,轩买P，加乞鹅 29534 51608
0,全程四川话直播
0,只会喊666666的咸鱼
0,继续绝杀ᚠ
1,对你麻痹
1,﻿C9667D 寂寞姐妹
0,去現場排
0,8+4-6ᚠ
0,皮卡丘嗎
1,伊 KTA677☎☎ᚰ麦P-薇
1,网站++沜+买的私聊
1,淑 29521 91783+口
0,还找喜欢的主播
0,啤酒一个500没有
1,1255 QQ 4971前进后进
1,加妞q329︹7804︹093
1,拿屁股打的😂😂😂
0,做好原来的你
1,﻿君 w2753636 麦饼
0,白黑白黑白黑白黑白黑白黑白黑白黑白黑白无常
0,799是STAYREAL  简称SR的
0,妳早點休息唷
1,安KUC539 麦饼薇
0,都可以听到ᚠ
0,我留着干你吗
0,你要什么名字
1,﻿64444 0992 炸裂资源+口.
1,漙+CC.名字，是威，大波波
0,去維修不好
0,靓仔啥时开个神兜兜抽奖啊，我想卡红
0,ᚠ九百块买排骨 老想了
0,玩不懂+1
0,高偷加高必
0,温碧霞
1,﻿7747 33332 摸逼家口。
1,迦威 sx111 505，有囊人想要的   UL
0,1547    1.272
0,哦哦哦！
1,加微信交换视频
1,靓丽美女摆布丘丘2830422234皇
1,馨 CC-名字-看拼ᚰ
1,岚 w2753636 麦饼卫星
1,刚小黄播平台
0,123文件夹
0,Holle......
1,买网址加Q472419203
1,收V1406967419 口。
1,α+2048 7832爆襙ᚰ
1,﻿1946 4390看逼家 口
0,你会飞带飞一段路小仙女
1,喜欢你大奶妹
0,我还是玩舞女吧
0,凄凄切切
1,网址 盘看姐姐名字++000
0,亲爱的晚上好哒
1,24602 23456 看逼家 口24602 23456 看逼家 口.
1,{61444 4232}妹操💗
1,我高考理综240+哦
1,﻿熙 KTA677☎☎ᚰ买乒威
0,加大力度
1,君 158 7996 2374 ❤
0,喜欢大连不
1,娟-麦饼-喂心  C₳D571
0,三七三五六六零三六
0,打字发送麻烦哦哦哦哦哦
0,你瞧瞧这
0,你直播
1,迦威 sx111 505，有囊人想要的                 eK
1,网址互换看，需要的私聊我
0,看你情绪不对本来想你开心一下却越说越差劲
1,珍 29521 91783乞儿
1,𝕙 𝕦 𝕩４５７卖盘
1,淑  KUC539 麦饼薇
1,FS6791ᚰ
0,你真的不考虑把他的黑历史告诉我🐎
1,高潮
0,我卖了打了6段太阳的锤子413伤害+23敏才400W
0,这是企鹅的游戏
0,"彩蛋,3+1,4+2,5+3，，，25个上限，超25个无彩蛋。"
1,你的奶头黑的
0,拉出去
1,﻿83704 2222 妹美+口
1,色情爆发
1,二人动作电影了
0,我会唱  ᚠ
0,2万5....
1,才75+275+3636+企++/鹅
0,老闆我們薄紗的
0,9527     6666
1,晶 w2753636 麦饼卫星
1,看姐姐名字家篇
1,{2140 8797}妹操💗加窛.
1,﻿7645 55562+蔲滋源.
0,我要去做按摩汗蒸    这颈椎引起的头疼太难受了
0,人喜欢直奔重点直接真钱砸
1,青 w2753636 麦饼卫星
1,UKC173 芸妹美脚
0,嗨美女跑去
1,刷看咪咪下面刷看咪咪
0,你这车开的
1,惠 FTA676 麦-P
1,13738800893求
0,人口昆
1,名称是网占v名称是网占名称是网占名称是网占名称是网占名称是网占
0,发送失败鬼
0,对忘了ᚠ
1,家看摳─5四2 7049.
1,﻿C-名-字-麦-饼干
1,2218439086++口+扣
0,我现在狂骨命中最高130+好像
0,吃鸡屁股，还想吃鸡😂
1,𝙎𝙎𝙀497买盘
0,卖4500高偷
1,带妹妹去开房→　ａｈ39ｃｏＭ水
0,我想存金币买，不想买礼包。。。
1,纵 FTA689☎☎☎
0,人家要卖1500人民币 哈哈
0,有白襯衫嗎想看妳穿白襯衫
0,去一会
1,绞 CC-名字-看拼ᚰ
1,2591 1478寂寞美腿口
0,太刺激了😂
0,737私人飞机？
1,KS 90096+喂+
1,27447053+口看
1,伟BHC979威.
1,❤UC打开：110k.cc，自己准备卫生纸
1,翼 ＴＡＤ７６５☀☀日批666666
1,8695 33334 摸逼家口。
1,聪 CC-名字-看-电视ᚰ
1,7747 33332曰逼家口。
0,69有870的法系
1,凸 29526 Q 77544
0,然后各种买买买
1,APP 盘 懂的加我
1,﻿2074 9937 看逼嫁口.
1,不裸睡
1,喂+HB90096家喂
0,突然感觉有点凄凉
0,让给你赠票
0,来过？
1,2048 7832+αᚰ
0,看了下wx钱包0.68真hao👍
0,丨D1119717
1,网址盘私聊我++.
1,秀 FTA677ᚰᚰ
0,稍等  各位
1,网址需要看姐名儿+
1,买片的兄弟加刺客微信
0,养家名族
0,咱聊聊
0,准备动作贼多
1,2048 7832咪咪妹+αᚰ
1,妞寂寞找大鸡鸡q198～591～5037
0,135685977，
0,亲爱的约你
1,坐副驾当心摸奶哟
0,你说的未来没来
1,嶶765510103蒖人眎頻値噃lkIGmvMXq
0,不知道关注的
1,佳喂：sx111505可越qo
0,谁是你兄弟我是你前妻
1,ＵＸ４４４１.
1,看姐姐名字家哦
1,你穿内裤
0,妖精來
0,人刷會看幣反而刷不出獎
1,名字++爽沜围.
0,YSL口红
1,艺 w2753636 麦饼卫星
0,你直播其实你里面衣服不穿
1,﻿需要看名称+扣漺。
0,烧烤店撸串
0,七夕没出去约会
0,讓大家為妳瘋狂
1,染 29534 51608 买-拼-鹅企
1,﻿14444 54332蔲曰批666666
1,幼儿QLK290 无码~
1,沜+网站+买的私聊.
1,涵麦饼-喂心 CAD571
0,免费的呦
0,我是当真了(●+1
1,佳喂：sx111505可越qC
1,窘麦饼-喂心 CAD571
0,1.30--3.00
1,ＥＫＺ５９３前进后插
0,昨天做的五言绝句
0,六棱雪我干不过
1,芸妹+口 2360 8544ᚰ.
0,黄龙洞
1,UKC917 妹妹的比ᚰ
1,﻿FS6791 各种系列
1,8695 3334美妇避+口
0,自由多好
1,轩 w2753636 麦饼
1,─5四2 7049ℚ.
1,YW90069家喂看盘.
0,···改的挺好的 动作都 快不少 不浪费时间···
0,耐揍了ᚠ
1,𝐒𝐒𝐄497卖盘
0,小秀+丑女都出了，是不是应该换成追月+小天狗 能更好点？
0,256换512的，加300
0,来我给你做柠檬凉鸡ᚠᚠᚠ
0,升11人口，放青灯
0,买小麦哦
0,7487谁哦？
0,昨天晚上跳舞的歌歌摇起来
0,卫生间
0,很害怕的
0,哦哦，台风
0,三角不等式|a+b|≤|a|+|b| |a-b|≤|a|+|b| |a|≤b<=>-b≤a≤b|a-b|≥|a|-|b| -|a|≤a≤|a|
0,哇塞，潜力榜第二ᚠ
0,现在连一块钱都不让我充了
0,小妹妹未成年好可爱
0,别提王者排位遇挂机的
1,看，片，加，v 654128456
0,偏偏靠才艺
0,胖比
0,想多了，4+1个八荒。。。。。
1,舒+人妻981111490冦
0,卧槽这个狠
0,鼓掌啪啪啪啪啪啪啪
1,韵 KMD255
1,50W亲密度一个卫星加微信
1,7EA7C0B12DFF5464  7EA9641228EECCB8  7EAB7D68798A317B
1,家庭 人 妻撕哇a1102195422口
0,你点名字
1,鱑鳝値噃+嶶むィ㈣ンヨん゜グ
0,番茄和西红柿呀
1,要偏的老板请私聊我.
0,人人平等...
1,﻿C名看P
0,哇⊙ω⊙骂人好刺激
0,870左右
1,瑶看-拼-。企-鹅1614 65267
1,﻿+口看名慡
0,七月份的尾巴
1,棼 29526 Q 77544
1,各种看，舒服，看名+Q
0,哥今天还没下播？
1,丽-麦饼-喂心  C₳D571
0,详细聊
1,𝐇𝐘𝐑382ᛠ卖片
0,请各家卫视你不讲
1,看-752753636-姐-姐-的企-鹅
0,别笑的咬到了舌头ᚠ
0,东西一坨一坨的
1,需要看名称+扣芸
1,伊 KTA677☎☎ᚰ麦P
1,加薇CCTV25803
1,7AEE02454EEE8EA6  
1,ＵＸ４４４１
0,这个🐎汗血宝马
0,辣大
0,哦压压惊
1,注意看我名，是威哦，
0,我爱洗澡皮肤好好..哦- 哦-哦-哦!!
1,鸥＋①⑦②②ˉ⑨⑥④⑧③⑥
1,𝙝𝙠𝙭594卖片
0,战场就是追求杀的快感冰心的话不优先考虑腿短
1,看奶群众报道
1,滓 ＴＲＡ２４５日批666666
0,3口血
1,贞-喂心 C₳D571
0,排名3到5左右的城市
1,157 5176 4994 卫星
1,看电影加名字扣扣你懂的
0,但是我怂了，没偷拍
0,你知道直播不理
0,你想找女朋友你愿意做女朋友
1,✤ 𝙋 𝕒 𝕒 ４９５卖片 .
1,皇资源买的私聊最新
1,影 KMD253 麦饼-麦饼
1,P私聊
1,本来想偷偷看看奶子的你鼻孔老是瞪
0,来首说好的幸福
1,篇+Q1444342229
1,英  KUC539 麦饼薇
0,老板好帅≥▽≤~~
0,哦哦哦哦，是23号那天
0,拉宾多少度
1,➕扣扣：7.5.9.3.3.3.0.1.8
0,嘘
0,九秀平台直播
1,ゥプブほせエメ嶶765510103蒖鎭人眎頻値噃
1,冉 T6787Vᚰ买P-靓妹
1,迦威 sx111 505，有囊人想要的             XU
1,搞女人啊
1,今晚必须对你撸管子
1,名字+++围爽.
0,去自殺好
0,非要991...
1,网站盘看名字++
1,韵韵，仙女，啾咪
1,29526 Q 77544
1,侃 片 要的加。
0,哼哼 好深哦，爽。ᚠᚠ
1,一夜五千做不
0,75+275+36+36
0,网站私聊我
1,英好看 FTA675 ☎☎☎☎☎☎
1,𝙭 𝕙 𝕔５９３ᚰ看盘
1,𝐩𝕒𝕒495ᚰ麦片.
1,𝐇𝕌𝐗457快来看
1,2⊗48 78з2
1,2048 78山2美女+αᚰ
1,伊 T6787Vᚰ看电视
1,莉喂心CAD571
0,575250啦
1,看妹妹名字++++000
1,灿 ＴＲＡ２４５☀☀日批666666
0,邻居问我干哈，我说绑电扇上
1,家庭 人 妻 斯挖 企鹅2068875241 口
0,吴亚馨.....
1,7645 55562+蔲滋源.
0,做梦梦见你
1,𝕩ｅ𝙠４９６ᚰ盘盘
0,直接叫小娇妻就行
0,翘起来的
1,155盘丝 力盘丝
1,珍 158 7996 2374 ❤
1,一pa0绝对舒服
0,根本没有反击之力
0,我有+4的聚魂。。
0,好呀美女
0,走了打游戏了ᚠ
0,笨口拙舌
0,可能字傳不出去才來你這
1,手机小视频  在线看 需要的私聊
0,国产韩国日本都有
0,胸口碎大石
0,清包 你想的美哦
0,上高速听这歌心情挺好
1,名字家我看美女
0,ᚠ懂了
1,﻿2074 9937 白嫩美女家口
0,vx在哪里看
0,粉丝群：48315904
0,请及时充值
0,卧槽薛定谔的学生
1,𝘟𝘌Κ496ᚰ买片
0,包裹密码
0,+2还差55呢
1,君看-拼-q-33155 94194
1,lllllllllllllllllllllllllllllllllllllllllllllllllllllllllllll
0,对小母猪说的
1,需要a网站加我
1,​(V❤）wuhendewul色色❤等你哦！❤​(V❤）wuhendewul色色❤等你哦！❤​(V❤）wuhendewul色色❤等你哦！❤​
1,﻿2953451608 麦偏口口
0,姐姐你现在95至尊号
1,君 FTA675ᚰ你的❤ ❤爱
0,3要4篇   6篇1家
1,─5四2 7049寇
0,很不想播的樣子
0,237079495
1,家庭 撕挖 人妻a1102195422口
1,国浐尺度 24365 08094 口。
1,24602 23456 看逼家 口..
0,鲍鱼大不大
0,打打字，扣扣逼
1,名字+++围爽沜
0,哦哦QwQ随心所欲
0,熔炼+14
1,灿 ＴＡＤ７６５☀☀日批666666
0,人们不看好九原
0,做个好女人你做好直播做大众情人你还不行
0,秀 750 0.2
1,万部 高清
0,下次说国语。
0,约瑟夫玩家无所畏惧
1,FTA677ᚰ好看在线
0,RESTORESHIP
1,主播罩杯
0,上次买2G国内40快
1,好想差你
0,无面，机器雪人，奶
0,戶外的阿宅
1,𝐊𝐀𝐃667☀☀好看
0,国际名帅
0,你啥时候纹的玫瑰
1,栩 ＴＲＡ２４５日批666666
0,520777我感觉熟悉
0,平台毛病为啥票个屏还只能票一个
1,找打字员语音标注人员日挣50200
0,就知道要黑ᚠ
0,上次看過1隻魚中500倍
0,ID47370620
1,巽 ＴＲＡ２４５☀☀日批666666
0,倒垃圾倒垃圾
1,佳喂：sx111505可越ps
1,UKC扒29国丝袜.
1,家 庭 人妻撕哇a1102195422口
0,1500w-1700w
1,君 FTA678 卖盘伽威ᚰ
1,﻿2048 7832芸妹加口口
1,巧 FTA677ᚰᚰ
0,女魃法伤也暴力的。动不动4000+
1,。偏偏啪啪啪
1,看姐姐名字+++喂看沜
0,下来点
1,看我名字  看我名字  看我名字
1,骑着小能啪啪啪
1,高清无码！
0,直播呢
1,妹吸奶 19476 71973 🐧
0,唉，走了看PK算了
0,啤酒刚刚连中3500
1,恸 w2753636 麦饼卫星
1,影 T6787Vᚰ纯/洁/P
0,500w加2000rmb
0,没限量···很烦··收个龙宝
0,红包求刘嘉玲视频。私聊
1,憝 ＴＲＡ２４５☀☀日批666666
1,下找个小妞干下
0,2-13.....
1,潜 KTM657ᚰ好看
0,哦  对哦  聪明
0,人來☆人往
0,蓝项链，变弧狐+6 可以卖钱不
0,乞丐你的100包我有阴影了
1,﻿6144 44232 黄资源+口
1,免费网站需要的找我
0,进口的美国
0,买买更健康，
0,这局我干了个啥ᛐ
1,炯麦饼-喂心 CAD571
0,来看这个人干嘛
1,﻿籹B潶 1542 7049 口.
0,by野猪455万我加名店410买的
1,在线直播需要的加我好友
1,网站需要的私聊或者看我名字+++
1,珠 FTA676 麦-P
1,君好看 FTA675☎☎
0,昨天晚上老婆回来
0,75275+3636+我的名字家00
0,广电你以为呢
1,国语 丝足 2068875241Q
1,想上岸，包↓加VABC13666658502
0,欢迎公子ᚠ
0,最后一把45w
0,小白的动作很容易被判断出a闪。。
0,先把量子力学搞清楚再说
0,现场免费带走
1,网址盘私聊我好友
1,刍 29526 Q 77544
0,无线网
0,那个老板是最靓的仔
0,元元没改
0,答应你好考虑
1,可能上你
0,我5+5出了个9  两次出的
0,168中500你赔
1,我名字+++喂爽
0,哦哦  彪哥
0,长风的鱼干你们凑不凑的齐？
1,网址盘需要私聊我.
1,乌鸦你这小骚货😳
1,熙 ❤FTA676 麦-Pღ
1,﻿7747 33332粉逼加窛...
1,看小妹裸B表演加微信：mmhh099
0,曰钢筋混凝土的富贵
1,伽徽
0,嗯嗯嗯嗯哦哦哦哦
1,吴小猫猫美女自卫扣逼美洞咪咪加威信
1,伊-卫星 KUC539
1,爸爸  看私聊
0,三千万才刷出三千九百万
1,佳喂：sx111505可越kc
0,湖口
1,61444 4232芸+寇....
0,这咒术名字是不是靓仔又在演了？刚刚函数排过的
0,260x4 加260 加1176加1080加1600加1072
1,晚上无聊需要网址的老哥加我
0,老吃吃
1,3129 327948😍加企鹅免费
1,21241836片╬αᚰ
1,看CC名字加抠 资源
0,7人口抬走
1,高端mm资源。需要加我
1,看色色CT6085ᚠ..
1,要黄网的加我
1,名字+++围i爽.
0,现金交易ᚠ
1,➕QQ7.5.9.3.3.3.0.1.8
0,CDEFGHI的I
1,尤+C名是威看咪
1,伊-麦-饼-伟-心 ＫＵ€５３７
0,美国挺无聊的
1,迦威 sx111 505，有囊人想要的                 yt
0,人美 名字更美
1,我还是喜欢你
0,5号名字好
0,葩葩葩l
0,真是国产动漫之哀啊
1,﻿君薇-黄色 w2753636
1,垚2952700242+蔻666666
1,篇-加-企-鹅8354 22224篇-加-企-鹅8354 22224
1,75+275+36+36看名字+++
1,看 ？片+ v ❤  算了不想卖了
1,KB80098片
1,枵 29526 Q 77544
1,买肾20万，手术费19万
1,﻿看逼加2539 1049口
1,琐 ＴＲＡ２４５☀☀日批666666
1,芸妹的威 BHC979
0,娅娅小美女
0,人品爆發～
0,皮瑞在pc端找刺激？。。。。
1,口口  3602279354
1,看看奶头宝贝好久没有看
0,刚好遇见你留下足迹才美丽
1,〈2❂48 78ℨ2〉舔笔妹ᚰ
1,晗鹅351144829
1,UCX ł39微美丝ᚰ .
1,煞笔样
1,滓看大波波 29523 54478 +口
0,无聊无聊无聊透顶😔
1,宝贝我要吃乳
1,﻿﻿强势后进 1542 Q 7049
0,应该早点
0,染染姐到底玩文科理科
0,去一次钟楼小寨
1,2048 7832色诱✞ɑ
1,𝐇𝕌𝐗457超好看
0,不在公屏上你聊天
0,我707加成171
1,禔麦饼-喂心 CAD571
0,七月看的第一个主播
0,我下午一说认识梦总就给我了个红马甲ᚠᚠᚠᚠᚠ
1,卖片的加我vz790384301
0,大马路上溜达会一会回来
0,叫这个白痴下
1,𝘒 𝘛 𝘈 679祼
1,﻿溷☀C名好看
0,嘤嘤嘤嘤，你怎么这么想，我干儿子🌝👌
0,乞播
0,自带美图秀秀，天天p图，美颜相机等滤镜
0,聪明的果
0,番茄炒鸡蛋
1,看片V：a336217
0,54+28不是上80了
0,然后被赤裸裸嘲讽
1,篇2◕48 78ℨ2ᚰ
0,对哦哦哦
0,各个击破
0,朋友70万买4年后卖170万
1,欢迎走进淫秽色直播间！国产区域☞
1,慧 w2753636 麦饼卫星
1,秀 FTA675ᚰ寂寞少奶
1,扣君羊看 片
1,看我名字+++看沜
1,MHZC9005 联系晶晶姐
0,去套路别人去
0,全光币
0,LORD OF THE SPEED【点】
0,s卡暴击
1,巧-麦饼-喂心  C₳D571
1,看片加Q2207462438
1,2218439086家口..口
0,红包ᚰᚰᚰ
1,都他妈的不穿衣服
0,处处文字咬
1,佴 29526 Q 77544
1,芃 29526 Q 77544
1,落薇 CAD534 麥偏
1,2140 8797妹操加窛.
1,瑶 29521 91783+口
0,大脑袋在和人玩
1,买篇的私聊我看
0,铃声贼好听(눈_눈)
1,珠 FAK256ᚰ 看-电视
1,.2048 7832美足+口
1,𝓽𝓶2971卖云资源
0,想去家樂福關門
0,我经常因为不够傻而显得和你格格不入
1,UKX735国丝微
1,佳喂：sx111505可越Bt
0,你在连麦
0,贝贝你好
1,〈2⊘48 78ℨ2〉操姐妹ᚰ
0,名字好难想ᚠ
0,983w
1,那叫小贱人
0,你好下午好美女
0,然後耶沒幣
0,升9人口
0,你做饭真好吃
0,5000 8红-.-
1,蒹加敲敲519471193
0,可能见你穿白色的习惯白的好看
0,嗨亲爱的你好哒
0,闪一下
1,珂珂看私聊
0,2333
1,要看毛骗加v542585757，卖个网址全清晰
1,需要买篇老哥私聊我
0,心放宽才人上人
1,潜  KTM657 ᚰ☎☎
1,宝贝你畜女不
0,蜘蛛三层丝和靓仔拉锯和神装杰克哪个最快
1,﻿需要看昵称 加扣
1,我买片。卖片的加我可以吧
0,我想看AKUMA穿旗袍
1,琴喂心CAD571
0,看他咖啡喝醉了没有
1,凤好看 FTA675 ☎☎☎☎☎☎
0,约瑟夫约瑟夫约瑟夫约瑟夫约瑟夫约瑟夫
0,你太抠了吧，一夜夫妻百日恩，才送一毛啊
0,有个夫妻俩播的被葑了
0,幸福风信子(33195798)对悄悄的说你别多心真的没有(202157)
0,干杯
1,媛 FAK256ᚰ 看-P-威
0,视频快烦死一整没人要求的端口比较高
0,你想找朋友
0,12点半30万一个没有
1,我操我本来不想送的
1,巧 T6787V 纯情
1,需要看名字家妹妹封号包换的
0,放一首性感的小野猫
0,收5到6w 4加1
0,嗯》》》》
1,﻿18228 022447擦逼威。
1,﻿7747 33332曰逼家口。
0,我把握一下
1,1506 4775曰批666666
1,8695 33334芸妹+口口.8695 33334芸妹+口口
0,差不多只废豬
0,跑车刷一个500倍
0,别上天机了，没一点激情
1,干脆不穿衣服
0,谢谢老板的红包！
0,打包2000万喊呗
0,美ᚰ
0,还有一只不知道是啥一共51W+
0,天天就聊VX·下次群发早晚安把我拉黑了··我天天得定闹钟删聊天记录ᚠ
0,名字cps很占优势
1,看-夹-企-鹅-752753636ᛀ
1,刺激ill哈哈哈哈illKKKKKK吧啦巴啦啦
0,俗称:靓仔
0,你直播挣钱请吃好吃的
1,卖片看名字
0,9个人 有点慌 怕被打屁股
0,ᚠ 大茄子被我盖了一个断命板
1,﻿2744 7053
0,怪不得手机卡
0,网站
0,波波安
1,加我免费视频
0,😒茄子
1,贞 29521 91783乞儿
0,名字很。。。emmmmm
0,胖一斤
1,2048 7832芸妹+口口[s电到了]
1,5块卖网站 直接看
0,TNT、萌新
1,好 xio ng
0,刺客下午9+7玩了一个小时
1,免费看＋v  weizhi6688
1,83704 2222 妹美+口
1,染 FAK256ᚰ
1,佳喂：sx111505可越8J
1,☎☎ＦＴＡ６８９ 麦P
1,需要网站的私聊我CC啊
1,小黄鳝
0,送快递ᚠ
0,不要齁都聽很辛苦考過輕鬆
0,无意义的文字
0,猛男明月🌚
1,看我昵称，国产日韩，看片+我私聊我！
0,皮笑肉不乐去
0,同意我刷8520你加
0,咖啡☕味的吻
1,盘需要的私聊我
0,萝莉比靓妹漂亮
0,478977
1,517156316ぇルㄍㄎ㈠ゴピジ
0,每次聽到垃圾車的聲音興奮起來
0,我肥来啦~ᚠ
1,﻿蔻2247 1419 少腹
0,卷卷大屌萝莉
0,ᚠ 惜月说你说的不对  储备收益减半+采购要三届 亏打了额
0,皮卡丘黑4
1,靓女找你你爽QQ:1619240532改
0,哦哦，对，
0,胖美女人
1,KC4007C+炸烈资源 6666
1,网站++++买的私聊0.
1,﻿熙 FTA675 ☎☎☎☎☎☎
1,同城美女你插快来a５x６cｏｍ闰
0,还能搜的到？
1,秀好看 FTA675 ☎☎☎☎☎☎
0,100买730绰绰有余
1,继续高潮不错看看舌头看看
0,你的头像有个大拇指
0,突然觉得我的🐎太帅了
1,看私聊QQ的
0,薇薇酱^_^^_^^_^^_^^_^
0,我是你爹=
1,75-275-36-36-企-鹅-摄ᚰ
1,君微 FAK256ᚰ 看-电视
0,走进你心里啊❤❤❤❤❤❤❤❤❤❤❤❤❤❤哈哈哈
0,这个刺激
0,啤酒中一
0,妳怎樣都不好看
1,𝕏𝔼Κ496ᚰ来啊
1,名字后面加5277  发红包
1,看奶
1,苑麦饼-喂心 CAD571
0,可能的网不好
0,四块五，加塞
1,﻿溷 +CC名，麦Pᚰ
0,去五个四个唯一的一个女的挂的
1,网站++看名字家我看丝袜
1,芸妹+口 1537 3608ᚰ
1,﻿溷 好看 KTM657 ᚰ
0,平台禁言
1,9786 49984+乞鹅看
1,网站++沜+买私聊我
1,2074 9707 美足+企鹅
1,看买偏的私聊我
0,看盘看名..
1,看我CC的名字。看我鸟女的名字。
0,一个小时前说洗澡睡觉
1,UCX ─39 嫩碧ᚰ
0,熬六个月
0,前置摄像头看看美腿[cx笑脸]
0,很好的
0,5+5+3呀
0,我有4000+ 修业
1,﻿2074 9937 萝莉家口
1,兮 ❤FTA676 麦-Pღ
0,笑晕hhhhhhhhhhhhh
0,我买的美国的
1,﻿看我名字篇
1,Η𝕐ℝ382ᛀ来看
1,﻿奶水多筘 ─5四2 7049.
0,就这么坐着等老板来刷礼物？？？
1,滓2952700242蔻日批666666
0,没限量的真心便宜
1,溥  KTM657 ᚰ☎☎
0,一天薪水才300
0,讓睡的床
0,💋💋💋💋
0,小姐姐
1,𝕙𝕜𝕩594ᚰ看盘 .
1,ｘ𝐜ｋ３９６ᚰ看盘.
0,ᚠ没有人，你看
0,很好听
1,安 FAK256ᚰ 看-电视
0,粤语说国国国国国国不就鸟叫吗
0,小也这姿势是在自拍
0,迪迦也行 我现在都觉得大古好帅
0,我要户口
1,潜 CC-名字-看拼ᚰ
0,代理你懂以后你混啊啊啊
0,摸摸(─‿─)
0,傻眼不讓打字
1,﻿熙好看 FTA675 ☎☎☎☎☎☎
1,名字+++围+爽沜+
0,看启动器的窗口
0,8700哦
0,14265哦
0,趙雲はばかです
1,看妹妹名字++++++00+
0,256G苹果X MAX 6.18买的  8199
0,我感觉有毒
0,你这个点在啊
0,你会讲白话靠近广东才
0,阿宝
0,表弟星耀1卡王者两个星期
1,看我茗+涩情塽 ..
0,键盘敲的啪啪啪
1,看姐姐名字.家看篇
0,还不如刺激
1,涩×聊加Q2873547101
1,珍喂心CAD571
0,alt+
1,７７１７７７１７７７１７
0,13名
0,谢谢老铁关心
1,小妹你操
0,不禁言咱俩吵一架
0,朋友call
0,偶尔再用喷壶喷水
1,Ｋ𝕏Ｃ483ᚰ盘片..
1,企-鹅752753636
1,跠嶶765510103
1,ＦＴＡ６８９  靓妹
0,哈哈哈我刚吃完看到你
0,但我还是没排到人
1,﻿ 2396 8433 寂寞少付口。
1,皇 29526 Q 77544
0,等不及想看你跳舞
1,娟 T6787Vᚰ纯/洁
1,飘 29526 Q 77544
0,比較精神些
0,我操作不了两个号
0,嗨美女你好
1,姐姐名字家.丝袜洗白白
0,人美见
0,癌从口入
0,你知道心里你永远都是最爱的人最在意的人
0,呕心沥血
0,艺妹妹不漂亮
0,口红画
0,兼职做的时间比主职时间长
1,大片网址www.cctv.com
1,梦 CC-名字-看-电视ᚰ
1,HHK9543+++喂
1,﻿ＫС４００７Ｃ曰批  666666..﻿
1,兮 KTA677☎☎ᚰ
1,洁 29521 91783乞儿
0,然後等級居然超過!!!!!!
1,若157 5176 4994 卫星
1,﻿君薇KAD534
1,公主多少钱一个的
0,去医院检查没
1,Y W 90069 +喂+看潘.
1,﻿染 T6787Vᚰ纯/洁
1,落 T6787Vᚰ纯/洁
1,想要网站的   加我
1,﻿各种经典 2591 1世78 口.
0,周杰伦了
0,昨天晚上你刷晕没中过奖
0,跑太多忘記
1,永久免费看片app 要的➕qq2362740236
1,UCX 139 爆日舒服ᚰ
0,流动作案
0,烤雞腿嗎
0,不要说你的好
0,999....
0,闹钟铃声就是这个
0,安娜：爽
0,我们gai最靓的崽
1,﻿溷 ＴＲＡ２４５大咪咪666666
0,兑雪碧
0,33 333333
1,网站+沜++买的私聊我00
1,家-企-鹅752753636-芸
0,救命
0,名字叫私好
0,功到15W想想
0,👏啪啪啪啪啪啪啪 拍手👏
1,YW90069家威看皇.
0,装嫩，还00后
1,处男找个少妇破了吧
0,人生真是寂寞如雪
0,青岛栈桥就想买俩6000左右的一共
1,看黄买的老哥私聊我
0,JEFF：？？？？？
1,主播今天想射给你
1,靓 ＴＡＤ７６５☀☀日批666666
0,你会看到很多很多qzuser
1,需要买网站私聊我
0,秒1800的时候怎么副秒有时候会跌到1700+
1,𝐊𝐂𝐕９９７好看
1,﻿9786 49984+秋秋
0,老点
1,网址 盘需要私聊我++
0,嗯，点到这里了ᚠ
1,娅 29526 Q 77544
1,珠 KMD255ᚰ纯/洁
0,惹名字的天辣眼睛
1,姐姐的名字+++ᚰ
0,辣眼睛
1,姐名字++喂来爽.
1,*2*******1和妹㈠*㈠玩要*:⒉0⒐1⒐2⒏⒌3⒊
0,肚子还疼不疼(19
0,酷ᚠ
0,43左右
0,WX一个 游戏ZH一个 手机号一个
1,看扣逼摞疗微vx4235
0,漱漱口
0,然後要加你微信微信群再幫你
1,789E4FFBD87001B1  
1,漏乳头
1,在打装备剁屌👿👿
0,人家想要你的联系方式。
1,买篇加企-鹅1967 4651ᚰ 买篇加企-鹅1967 4651ᚰ .
1,﻿ＫС４００７Ｃ曰批  666666...
0,看到妹妹就想抹黑我？
0,人去别的国籍
1,勃起硬
0,狼狗9個500倍不敢你拼
1,枵 KTM657ᚰ男人-最爱
1,伽韦 sx111505 珂视频箹Ja
0,电脑买内存条改善运行速度
1,💞657ᚰ☀
0,火辣辣的星期五
1,娟 29521 91783+口
1,巧好看 FTA675☎☎
1,﻿KMD253 麦饼卫星
1,楞 ＴＲＡ２４５日批666666
1,看你自慰一定射信
0,平台试试
0,名字在线网骗
0,６＋３＋２
1,性感撕挖1860 8593 口.
1,主播F奶大正妹
0,(o˚̑̑̑̑̑ 3˚̑̑̑̑̑ o)靓仔
0,MRC必胜MRC必胜
0,爽歪歪...
1,舌吻诱惑
1,﻿看佲+Q 雲片
0,搞定了ᚠᚠ
1,2048 7832 芸妹加口ᚰ
1,﻿染 KMD255ᚰ暖妹美丽
1,利 ＴＡＤ７６５☀☀日批666666
1,𝙎 𝙆 E 5 9 7➽➽片.
0,鼻涕流下來
1,3430 9996爆插╬αᚰ 3430 9996爆插╬αᚰ
1,看QQ看QQ看QQ看QQ看QQ看QQ看QQ看QQ看QQ看QQ看QQ看QQ看QQ看QQ看QQ看QQ看QQ看QQ看QQ看QQ看QQ看QQ看QQ看QQ看QQ看QQ
1,真好看 FTA675 ☎☎☎☎☎☎
0,需要1000势力
0,你2组怎么也有160+吧
1,兮好看 FTA675 ᚰ☎☎☎
1,❤UC打开：110k.cc，自己准备卫生纸❤UC打开，自己准备卫生纸准备卫生纸
0,有人你爸爸你会·
1,纵2952700242蔲曰批666666
0,加1的30到35
0,看足球....
0,吹风机ᚠᚠ
1,佳喂：sx111505可越uV
1,群384471076
0,啤酒3次168
1,网站++看名字家我看丝袜0忧郁哦
1,AV看片🐧裙673183697每天更新
1,9786 49984+球球看
0,我干啥都带的攻宝宝啊
1,﻿染 ❤１５７５１７６４９９４ ❤
1,﻿ 女儿P黑2591 1478 口。
0,鱼龙混杂
1,戤 ＴＲＡ２４５日批666666
0,去泰坦尼克号200万一个好贵
0,好久不见你
1,彤 29526 Q 77544
1,镞 29526 Q 77544
1,伽韦 sx111505 珂视频箹            pf
0,自己口嗨
1,各种看哦，看名，是Q哦
1,75-275-36-36+企++鹅00
1,佳喂：sx111505可越Dd
0,ᛀᚰᛀᚰ
0,感覺配合演出
0,染发膏
1,看片加q1694545220水大
0,6-7左右
1,漙2952700242蔻666666
1,安-美-丝-薇 KUC539
1,彩色直播，云盘资源共享，微信HT996314
1,伽徽：sx111505笨人自位6K
1,佳喂：sx111505可越zn
0,我没跑错地方吧？o(一︿一+)o
1,不大会安慰人你不能自慰
1,ΕСΚ596ᚰ买片瞧这里
0,这是一个自我感觉良好的PDD
0,白衣服拉开
0,喊我干嘛😂
0,700W  RMB左右
0,喵播的拉霸最多一次一天赢10万
0,我也是在开玩笑啊 这🦈👃主播谁敢和他一ye情
1,色逼家蔻614444232.
1,云 CC-名字-看拼ᚰ
0,设计部
1,﻿1934 3631 看逼家 口
1,老-家-75275-3636-企-鹅-
0,s蹲s蹲！！ᚰ
0,ᚠ打扰了
0,愛上你很痛苦
1,﻿染口口 29521 91783
1,﻿染 FTA678 买乒伽威ᚰ
1,免费看AV加徽信MGC1222
0,主播喜欢李彩琳
0,想看球球一字马....
1,﻿染 29521 91783乞鹅
1,名字+喂姐爽
0,感性不是性感
0,亲爱的真的好饿
0,吃的   炒菜的   茄子
0,檫下口红
1,雨 CC-名字-看拼ᚰ
1,主播下面有自衛棒嗎
0,钓鱼大师
0,怎么算的  3+2还是？？？
0,转过身请你不要生气好
0,29 DF PT NE SM HS
0,喂喂喂，没人理我啊
0,175-176。
1,﻿ 2488 5608寂寞少妇口
1,𝐄𝐊𝐗596买片.
0,的个性签名你对有情有义
0,5+14可以吗？
0,我没那习惯不玩就不玩拿来那么多仪式 
0,小蕃茄记住你了( •̀∀•́ )
1,7353303075D9BAFC  73556B635D9AF935  73583BFCBAE3BB39  735AE777CA30025A  735D518E1CA0C661
1,KUC763国妹丝
1,需要网址私聊我
1,高清万部的私聊。
0,不买你你发红包你卖算了
0,不要取笑我
1,𝔲𝙮𝔪693卖片
1,骚莫不播ᚠᚠ
1,滓 卫星 KTM657 在线看☀ ☀
1,2◍48 78ℨ2控妹妹ᚰ
0,hhw19900118
1,卿喂心CAD571
0,讓星岑發一下訊息
0,你欠费
0,嗨亲爱的你好
0,探清水河ᚠ
0,姥爷
0,芒果，榴莲
0,哦哟，玩神威的姐姐
1,𝐊𝐂𝐕９９７卖云
0,七月份
0,想看图片
0,95  25000卖了
1,𝐗𝐊𝐄585ᚰ片看的来
0,七夕情人節要到～牽手帶小公主上鵲橋～
0,请问
1,免费想看小视频加我免费想看小视频加我
1,买网站盘的私聊我0
1,看姐姐名字+口
1,噼噼啪啪【【【【【【【【【
1,慧-薇/ CAD 571
0,非诚勿扰
0,520金鱼炸500
1,凄 29526 Q 77544
1,仔 ＴＡＤ７６５☀☀日批666666
0,一共15个人来自遥远的尼斯拓扑记星球
0,回来
0,美美不要乱改名字
0,未闻花名
0,需要碧水
1,𝘍𝘛𝘈676ᚰ买P
0,88呦呦哥
0,感觉你比以前年轻了ᚠᚠᚠᚠ我19
0,一山看比一山高
1,淑 w2753636 麦饼卫星
1,粗 29526 Q 77544
1,逼逼毛多
1,豬樹坎梶..群176534781
0,去休息妳
0,人來開好幾桌
1,58632222258888777715#999822200774456990005333364477
0,你；老牛吃嫩草
1,佳QQ：166829681 luo聊1w
0,我家无锡10分钟
1,﻿在线观看哦，+名。是Q哦.
1,舒-薇/ CAD 571
0,国产四倍
1,﻿2074 9937 曰妹子
1,﻿2787 9947 少女+口
0,7302E310524B771A
1,2⊗48 78з2熟妇ᚰ
0,﻿微微 一笑
0,上高速多少钱
0,多吃牛肉
0,主播ABCDE？嘿嘿嘿
1,看名+、口
1,𝙎𝙎𝙀497麦片
0,51加16加18加5加9
0,7D604F56A2CFA AF6
1,《2◎48 782》操人妻ᚰ
0,100块1包
1,名字+++围+爽沜++我
1,家 庭 人 妻 斯挖 企鹅206 8875241 口
1,落 KMD252 老板-买-拼-微
1,口上
1,够☎☎ＦＴＡ６８９ 麦P
1,轩好看 FTA675 ☎☎☎☎☎☎
0,CC名字天亮叫晚安的
1,凡  KUC539 麦饼薇
1,看看黄主播买的神威号
0,国服约瑟夫名不虚传
1,塞 ＴＲＡ２４５日批666666
0,等码
1,27447053慡夹口
0,昨天晚上充300刷38万好坑的
1,8695 3334足日+口
0,卧槽 哪个傻子说的
1,8695 3334+口姐日
1,hhk9543+喂++HHK9543+
1,21241836篇╬αᚰ
0,换区了？
1,UKC917 妹妹被日ᚰ
1,后 妈的诱 惑a1102195422家 庭 人  妻
1,需要皇播的加我
1,.姐名字++喂来爽姐名字++喂来爽
1,籹奶吸 9790 34390 企鹅
1,𝙋𝕒𝕒495ᚰ芸片
1,UKC 127芸妹ᚰ ..
0,嫩忒小了
1,UKC136 芸妹美脚
0,度假村子
0,腿短啊
1,PCX664 皇沜+
1,﻿若 KMD255ᚰ 国妹靓妹微
1,765510103蒖人値噃FJ~
0,昨天家主播琳妹妹第一天播500
1,﻿溥2952700242开心666666
1,网站沜++买的私聊
1,菁 CC-名字-看拼ᚰ
0,溜了溜了，靓仔都有毒😒
0,全给你
0,€2m9dY76UAvS€
1,邱 29526 Q 77544
0,有些玩家留了99+消息
0,名字看看
1,我想要看片名额我想要看片名额
1,2218439086+++口+口看视频
1,跑骚去没看到黄播
1,网址++++买的私聊00
0,请拿出老主播的风格
1,75-275-36-36/+企/*鹅.0
0,骚浪贱←_←～
1,﻿在线看哦.+名.是Q哦.....
0,人美歌好听
1,┊506 4775╬α暴力插毕
0,看偏方
1,﻿8695 33334 差逼家口
0,18838779192 你加我微
0,薇薇休息
0,堵口的
0,楞包
0,对面绝对就是为了让你才不跑的
0,七小夠
1,要网站的加我的微信。
1,www.seer.com
1,静 KTA679 买乒威
1,若喂心CAD571
0,emmmmm.....
0,免费吸猴
1,嫂子乳晕大
0,不合适你
1,谅 ＴＡＤ７６５☀☀日批666666
0,英国国菜，黑暗料理
1,舌头舔诱惑
0,美美美的
0,明天不见
1,﻿C名字买P
0,踪哥太帅了！
0,号不押镖，可以开几个葫芦搞点储备，新区葫芦就是白给钱的
0,加法系
0,看你寂寞不寂寞了
0,小兰 我刚吃完番茄鸡蛋汤面。。
1,巧喂心CAD571
0,名导名言
1,﻿2074 9937 纯洁少妇家口
0,晚安！女 神ᚠ
0,机器人没加白名单
1,主播看看奶
1,2140 8797看逼家口.
0,是受啥刺激了吗ᛐ
0,看看中美，中英，中台
0,17岁的女的追男的太多
1,买网站的BHC979 威
1,慵 29526 Q 77544
0,手机的嘎哦啦的
0,魍魉+红孩儿
0,房间真好玩点朋友玩
0,1500字hhhhhhhhh
0,雪山天机城也是16+10的
1,舒 T6787Vᚰ纯/洁/P
1,老公不要想找一个鸭子视屏座愛成熟稳重的男人加QQ2737^47485光着屁屁玩视屏
1,伽韦 sx111505 珂视频箹            G0
1,瑗-黄色-CC-名字
1,主播其实听垃圾的
0,99.5万ᚰ
1,落-薇/ CAD 571
0,言某起床了🐎
1,秀 w2753636 麦饼
0,都在充钱等8+8
1,老板假酒喝多了 鸡吧硬了
1,舒好看 FTA675 ☎☎☎☎☎☎
0,ooooooookkkkkkkkkkkk
1,2048 7832簧篇+αᚰ
0,等等我
0,算了麻烦
0,妳這裡正妹休息室嗎
0,白白嫩嫩的 今天夜里
0,见过18厘米
0,哦豁。莽夫
1,佳喂：sx111505可越1z
1,封号包换家-752753636-企-鹅.
1,ХКЕ585ᚰ看片来这里
1,迦威 sx111 505，有囊人想要的            OV
1,00元震动棒玩此女B出水块阴蒂黑
0,看看刀客无妄想有青金美
0,看名人名言系列
0,老的嫩的ᚠ
0,你家卫生间没人
0,你见到我干嘛ᚠ
0,玩，扫码
0,每个人各打30+厂
1,+口看2247 1419。
1,𝘌𝘠𝘋235 ᚰ买-P-威
1,郁 29526 Q 77544
1,兮 157 5176 4994 信
1,自信芙蓉王+14092574...
0,以前都没动作
1,wx号截图，聊天记录截图
1,溥 +CC名，麦Pᚰ
1,𝕩ｅ𝙠４９６ᚰ嘻嘻.
0,机器人哥ᚠ
1,增 茄莳間＋徽79927009
0,做个风度的人
1,家庭 人 妻 斯挖 a1102195422  口
1,2⊗48 78з2妹日ᚰ
1,9786 49984夹口口看
0,２８８８８
1,若  KMD255ᚰ买-P
0,你直播间·添加人气
0,没充值ᚠ
0,看包裹
0,好痒
0,...想我干嘛，又不是我直播😂
1,我加的是不是你Q
1,卖片的呢，免费看片找我
1,买网站盘的私聊我000
1,婉麦饼-喂心 CAD571
1,账号sosoLOVE1995soso199510
0,ᚠ亏了三十万闪人
1,红包收91论坛网址有的私聊.
1,滓  KTM657 ᚰ
0,哦哟。
1,{61444 4232}妹操💗加窛..
1,君 FTA676❤❤麦-P
0,西突厥斯坦
0,看一下福利
0,模拟山羊ᚠᚠ
0,需要报名吗
0,人越富会感觉越穷人心总不会满足
1,妹妹岔开双腿~你→ＡＨ３９ＣＯＭ　柰
1,红 ＴＲＡ２４５日批666666
0,100W到手 美滋滋
0,真的惨 兽性大发被水浇灭了
1,佳喂：sx111505可越ed
1,波动的胸
0,熊黑跑路能被控🐎
1,雅 CC-名字-看拼ᚰ
1,需要网站的老板加我.
0,27哦
0,你干什么
0,都小99
1,婕  KUC539 麦饼薇
0,你在🐎
1,﻿1515 4683 各种姿势家口。
1,﻿1690 47089+🐧看。
0,1+3+3+3
1,静 CC-名字-看拼ᚰ
0,老闆吃個藥血壓太高
1,私聊换网址看啪啪啪
1,做爱看逼
0,哦哦，嘿嘿。
0,哦哦哦
1,ｘ𝐞ｋ４９６ᚰ看盘
0,前几天发短信、
0,STEAM平台异常
0,忍不丶住眼泪决堤
0,废话两天多花钱
1,稿 29526 Q 77544
1,贝贝姐id67
1,豬樹坎梶群176534781豬樹坎梶群176534781豬樹坎梶群176534781
0,浪浪走
1,主意看我的名字，加Q有好看的
0,万国改名
1,各种纠结各种闹，各种X，各种操，各种姿势各种要！
0,老闆喝醉那邊自言自語搞笑噓
0,哇··姑姑·你那里那么冷么？我们这里不穿衣服都热爆了
1,鲰 29526 Q 77544
1,切 29526 Q 77544
1,4567020...
1,国产尺度15427049口
1,伊喂心CAD571
0,芸芸
1,名字+++喂爽摄
0,撩不起来
0,这个是万能的
1,顿 ＴＡＤ７６５☀☀日批666666
0,欢迎18岁娇妻๑•
0,姐姐你该睡觉了
1,75275+3636+ᚰ.
0,BGM的名字
0,不要脸就要礼物送点
1,𝐒𝐒𝐄497卖片
0,老吃东西勾引
1,娟 KMD255ᚰ纯/洁
0,好傻的样子
0,舞女刚刚是金皮(´-ω-`)
0,的
1,买网站盘的私聊我了
1,迦威 sx111 505，有囊人想要的   nk
0,周懂中国风
0,Apple支付加载失败总是
0,妳找singforever
0,同款名字ᚠᚠᚠ
0,美人美人
1,看妹不穿衣╱聊加Q2287249174
0,73左右
0,妳這裡一直發言失敗@_@
1,瑗 29526 Q 77544
1,主播诱惑我要飞机
0,美滋滋爽歪歪
1,恸 ☎☎注意看我名，是威哦，好看的
0,骗钱其实有自身原因 不也因为你想送才送🐎
1,月 w2753636 麦饼卫星
1,轩 CC-名字-看拼ᚰ
1,娟 FAK256ᚰ 看-电视
1,胜 29526 Q 77544
1,㈦゛ィヘ㈠ㄍレㄑ鱑鳝値噃+嶶360752391
1,做爱
1,你站起来脱衣服
0,我那个是个靓号
1,伽筘 50815 9857 可箹撩6q
1,寂寞妹妹QQ15831●71741
0,美女平台试试
1,瑶 29521 91783乞儿
1,2●48 78ℨ2控姐妹ᚰ
0,五哈大宝贝ᚰᚰᚰᛀᛀ
0,哦，锦鲤
0,狐狸呀
0,护士姐姐 看到你 我心跳的好快 能不能帮我听下
1,ＧＫＣ４８３前进后插
0,1720之间
0,108.44   Alt+9不放，Ctrl
1,看-拼-企-鹅2048 7832ᚰ
0,请离镜头远一点儿谢谢
1,看妹妹的名字家看丝白了
1,﻿性福生活
1,落 FTA676 麦-Pღ
0,口若
1,比+CC.名字，是威，大波波
0,富贵花
1,看CC茗  束缚+危
1,酩 +C名看P，是威哦❤ ❤
1,─537 3608爆插╬αᚰ
1,买皇篇的私聊我.0
1,2360 8544 芸+口ᚰ .
1,8354 22224 加口口看芸
1,syc15620955159
0,hhhh口吐芬芳
1,落麦偏+威 w2753636
0,请东少
1,曰天曰地曰主播
0,假如说这回合你人物+宝宝出手+对面怪出手超过30秒
0,去淘宝查
1,2074 9707簧篇╬αᚰ
0,9 1500左右
0,高偷拍上去
0,小🐎玩的什么
1,ＦＴＡ６８９ 麦P
1,﻿7747 33332粉逼加窛.
0,有志向ᚠ
1,8695 33334芸妹+口口8695 33334芸妹+口口.
0,卖3000w要冲500的人民币
0,升到8人口
0,对面的式神名字............
1,﻿染卖-姘-薇ݘҰݘܰݘʢ₃₅
0,上次看到有人喝
0,逮着一个问一个
1,篇家口口2218439086
1,毖☎ ☎ +C名看P，是威哦☎ ☎
0,我适合跟咖喱(⊙x⊙;)
1,啪啪啪啪啪啪啪啪啪啪啪啪啪啪啪啪啪啪啪啪啪啪啪啪啪啪啪啪啪啪啪啪啪啪啪啪啪
1,2744 7053妹水多
0,已关注ᚠ
0,去過星月天空嗎
0,肚子饿都舍不得去吃饭
1,疯 ＴＡＤ７６５☀☀日批666666
1,要片的加v17605873017
1,加徽信eey370裸播不穿衣服
1,需要皇.的私聊.
1,沜++网站++买的老哥私聊
0,人气没有
0,嗨亲
1,8134335带
1,大胸女薇543662207
1,皇盘的私聊
1,佳喂：sx111505可越zw
0,周口的我
0,李现演绎的韩商言可谓是有板有眼、帅气逼人，连我男朋友都一起一起沦陷了，大爱！
1,HB90096家喂0
1,752753636ᚰ名字
1,买皇篇的哥哥私聊我0
0, 除非你买 篮子克20带炼器克20++的
1,妍喂心CAD571
1,看着嘴一动一动的好想插
0,东西爆几个
0,哦呦，秋色
1,24365 08094口口
1,轮 ＴＡＤ７６５☀☀日批666666
0,还是和平精英刺激
1,看姐姐名字家看好篇..
1,1255 QQ 4971 漺
0,晴晴太美
1,伽韦 sx111505 珂视频箹dh
0,你直播几点
0,采麻，养家糊口
1,﻿9786 49984+口看
0,人美歌聲好
0,全国五星酒店vip卡
0,三十
1,﻿寇家资源61444 4232。
0,网易云名字(´- へ -、)
0,可能海外維修
0,ᚠ志熊
1,睟 29526 Q 77544
1,APP 4442++喂来爽
1,荔-卫星 KUC539
1,伊 ₭MD255微ᚰ
1,封号包换家-752753636-企-鹅00
0,果果要减肥
1,4➕5➕1➕0➕3➕2
0,但是你的气质很足  有成熟女性的优点
0,皮皮话信母猪都上树
0,口罩
0,你晚上去没事的。网咖老板赚钱不管那么多规矩
1,看CC名字加Q舒服.
1,l泗旧5 9967.
1,𝐊𝐀𝐃667☀☀来看
0,兑现承诺
1,喝醉會脫衣嗎
1,美女吃你的屁股美女吃你的屁股天天你的屁股天天你的腚
0,脸太大看不到全貌
1,www.730pa.com
0,喵族最美唯美宝儿开播快来围观
0,哦哦哦，我下边区
0,你都4000+得巅峰了
0,呵呵龌蹉的男子
1,你加微信15317017629
1,穿内裤
0,三千万刷出来6千七百万
1,看黄买偏的私聊
0,娜美美
0,ᚠ基本上1个号少100W+  5个号将近少600W  一个月下来要少1000多
1,主播看过色情
1,﻿2074 9707看逼家口。
1,啧啧啧你记得黄鳝
1,妹吸奶 19476 71973 口口
0,人家看电影美滋滋
1,妹B黑2591 1478 口
1, 1910 5764寂寞少妇口
0,CXK和UKN，有看头
0,等美女骗色
0,高潮起伏
1,雕虫小鸡鸡
0,人美歌美
1, 24602 23456寂寞少付口
1,✷ 𝕏𝘏𝕮593 ✷丝美片
1,2◕48 78ℨ2日炸天ᚰ
1,甫 29526 Q 77544
0,2333333333
1,傫 29526 Q 77544
1,𝐗𝐊𝐄585ᚰ我是卖盘的
1,tmd
1,草泥马臭癞蛤🐴李永生跪下沿街乞讨
0,09女儿副秒1000+可以吧
1,要网址的 039630
0,👽🐴🌴🍌🌾🐯🐧🐙🍔🍅🐼🌺🐬🐠🍅🌻🐯✨
0,三七二十一
0,哦哦哦二恋哥
1,K乂乂694 买P威
0,89  5DF.
0,哦.看懂了
0,三尸虫必须30加狂暴，30+程度都没什么鸟用
1,伽筘 2575 21060 可箹撩 付俐      kg
1,有口口群吗
1,国浐尺度 2436508094 口
0,荒野师徒双飞
1,﻿看逼家7747 33332口
1,.看姐姐名字网址 盘++
1,07744888本人骚聊加*;807744888本人骚聊加*;807744888
1,蛮 ＴＡＤ７６５☀☀日批666666
1,伽徽伽徽：sx111505可聊可约 b9：sx111505可聊可约 yy
1,〈2◯48 78ℨ2〉调教姐妹ᚰ
1,𝐔𝐗４４４２狂日少女.𝐔𝐗４４４２狂日少女
0,老闆喝醉那邊自言自語碎碎念念吵死
1,名字++喂来爽
0,别过分就行了
1,2218439086网址盘ᚰ
0,75+275+36+36+企+鹅+白
0,真的···一群逗逼
1,﻿看发言明字┼口。
0,保持初心牵手老
0,来首咖喱咖喱
1,君 KMD255ᚰ 靓妹妹微
0,声音不开。
0,妹妹妹妹妹妹
0,个性签名是不是七点
0,🌝呦呦呦
1,同城靓妹插抠抠2913973011
0,神器神器。要看神器，
0,",为我们的友谊干杯！"
1,洁-喂心 C₳D571
1,Y W90069+喂++看皇
1,UKC917 妹妹ᚰ
1,下面痒
1,123456789123455767899124273754246797346442454184477775我lD
1,ｘ𝙚ｋ496ᚰ看片..
0,出去撸串啤酒去
1,看我昵称，国产日韩，看片加我私聊我！
1,UCK 129微美丝ᚰ
0,第一次500
1,芹 ＴＡＤ７６５☀☀日批666666
0,辣椒精
0,我CC要改名了，逼逼叨叨新名字ᚠᚠᚠ
0,努力不会遗憾
1,凤  KUC539 麦饼薇
1,喂 BHC979 威ᚰ.
1,﻿2074 9937 妹子舒服
0,飞哥你这前世今生都整来了
1,覼 29526 Q 77544
0,现买现卖hhhhhh
0,呵呵走到
1,尤 w2753636 麦饼卫星
0,以为你朋友
0,设嘴里
0,瘪了充气ᚠ
0,50+40个
1,廷 29526 Q 77544
1,锦 w2753636 麦饼卫星
1,莫KTV咯哦哦哦哦哦哦
0,你刚才黑
1,轩2953451608 麦偏口口
1,看不`穿衣加QQ10517Ψ41735
0,之前看新闻，江苏有两场强暴雨
1,网站++买的私聊
0,瑜伽垫
1,想上岸，包↓款加VABC13666658502
0,现在靓号不好出了吗
0,30万卖我
1,上周进的000918今天涨停太爽了大家想赚钱就加张老师扣扣：524645580人很好
1,网站++看名字家我看丝袜封包0.
0,七夕狗粮吃的
0,感谢韵韵的500老司机
0,哦，蝠翼
1,𝐔𝐗４４４２狂干少女𝐔𝐗４４４２狂干少女
0,感谢小雨送的火箭ᚠ
0,定是你未来的媳妇
1,少籹2591 1478 口
0,感谢大佬的红包！
0,我看猫咪动作都挺轻盈的
1,兮 29526 77544 乞鹅
0,线程撕裂者
1,.看姐姐名字++ᚰ
1,752753636ᚰ篇
1,91网址求大哥
1,-4545-7469545-2+-23+-23+-1111113----23--23-0.
1,﻿溷KTM657
0,1哥排面ᚠᚠᚠ
0,赛博坦星球你知道
1,1255 4971 冦加
0,哇  这个特写真帅
1,我来强上主播闲杂人等一律回避
1,﻿看洺+Q，有好看的哦.
1,100%必中【台湾分分彩开奖网】技巧之稳定收益常胜将军分享玩菜技巧【➐➎➊➎➌➑➐】＋Q且威伴你走向人生巅峰
0,看来你也是妻管严，
1,看片~高清无码加v:www13925739337
1,﻿2074 9937 老逼家口
1,cc直播关注司命，免费上车，加QQ和wx
1,加我cc 卖片的
0,哦哦，难怪哦
1,奶头露一下美好
1,微解封，需要联系看名
0,设计一个500块
1,看CC名字+Q霜
0,饿了我
1,冉-靓-妹-卫星 ＫＵＣ５３７
0,光看名字知道男女
0,问问小姐姐出豆浆没
0,需要看妍求不求放过
0,琥珀
1,华 T6787Vᚰ纯/洁/P
0,三七3566036
0,17個ok沒問題
1,网址 盘私聊我好友.
1,媺号ccЗ4367
0,客服妹妹
0,500W左右呗
0,全程趴着
0,瑟瑟黄衣国服hhh
0,微信
0,想要想要想要 求中奖！9918加油。
0,中国烟民国   家栋。。。梁
0,每次看到就感觉很舒服，像在按摩
0,10人口6巫6冥
0,去泰坦尼克号200万一个好贵
0,看真人ᚠ
1,需要黄色播的加我。
0,全面依法治国
1,美女跳蛋
1,FS6791妹ᚰ
1,1542 Q 7049
0,哦 好美丽哦
1,q2282884590@163.com
1,-夹-企-鹅-看-52753636
1,家-752753636-企-鹅封号包换的
0,朋友的公司
1,﻿2787 9947 美腿+口.
0,要他跳芭蕾舞ᚠ
1,安麦偏+威 w2753636
1,辉＋①⑥⑤⑥⑤④④①③⑤暇
1,杀人了狼人
1,被抛弃了想找哥哥视频爱爱喜欢妹妹视频的哥哥加扣扣1265397695不穿衣服玩视频加扣扣1265397695加扣扣1265397695
1,伊薇 CAD534 麥偏
0,人民币二千五百二千五百
0,义工资条
0,我之前在新区寇岛都不打
1,✷ 𝕏𝘏𝕮593 ✷丝美片 .
0,包吃包住 包爽
0,去学校微博找你没找到翻得手机都没电
0,兄弟你还不睡ᚠ
1,Y W90069+喂++看晃篇
0,哦哦哦行吧哥
1,国语  企 鹅2068875241 丝足
0,打字hhhhh
1,𝐓𝐌2971卖云资源 𝐓𝐌2971卖云资源 .
1,覼 ＴＡＤ７６５☀☀日批666666
1,想看片的私聊我我有免费网址
0,不懂需不需要点擦刀加速
1,莲妹妹你好想你请你吊带下看看奶奶好
0,三生三十十里桃花
1,啪啪，啪啪啪啪啪啪啪啪，啪.jpg
0,哦哦哦哦，了解，谢谢
0,护花使者
1,脱衣舞
1,潜看大波波 29523 54478 +口
0,没办法啊 破事就这么快。。+152的
0,啦啦啦啦啦啦，啦啦啦啦啦，啦啦啦啦
0,我开了30把觉醒buff？？？
1,需要成人app的加我包爽
0,笨笨威武
1,2360 8544 芸+口ᚰ
1,佳喂：sx111505可越ze
0,vv名称是网占
1,𝐔𝐗４４４１卖云资源....
1,看，，PIAN++++++CC③412〇282⑤
1,绿 ＴＲＡ２４５日批666666
0,扫码，
0,皮皮虾的纹路比猪哥的满
1,想看打飞机的加我
0,亳无听力
0,不够送你
0,你会说长安话
1,皇盘荬的私聊+
0,為不在床上躺著
0,QQ网名！微信
1,收v1406967419 口
1,𝐔𝐗４４４２狂日少妇𝐔𝐗４４４２狂日少妇.𝐔𝐗４４４２狂日少妇
0,美国适合存钱
1,瑞 CC-名字-看-电视ᚰ
1,想日批＋V123456
0,差點踢出房間
1,兮 158 7996 2374 ❤
0,这动作！猫可能有点尴尬😅
1,pppppppppppp
1,𝓽𝓶2971狂日少妇.
0,印度的咖喱和泰国不一样。
1,8695 33334 黄篇好看加口。
0,粑粑
0,不好玩居然猜不出
1,名称是网占名称是网占名称是网占名称是网占名称是网占名称是网占名称是网占
0,回民过年一年多十天假
0,啤酒不中
0,去眼泪擦
1,滋源佳我
1,﻿性感撕挖 1860 8593 口。
0,你家卫生间够用
0,我10+回合就2星妖刀了
0,不可能不雅
1,杪 KTM657 ᚰ靓妹
1,🐧🐧群号684424991
0,又想骗老子买图、
0,终是贝壳开了口，从此粉嫩不在有，希望你的贝壳里，没有别人的特仑苏
0,107645463。
1,老板-75275-3636-企-鹅-王
0,我要买就买带珍惜的
0,朋友不会上来
1,静好看 FTA675☎☎
0,叫我干啥呀→_→
1,悬麦饼-喂心 CAD571
1,𝙋𝕒𝕒495ᚰ麦片 .
0,思念清淡的诗不是孤独才想你
0,漂亮亮哦
0,番茄🍅？
1,﻿2953474541+蔻日666666
0,豹纹靠得住母猪会上树
0,天机城需要点高冥想
0,无线路由器怎么无线上网
0,去年
1,UKC扒29国丝微
1,伽徽：sx111505可约NP
0,让利给水工程建设
0,我先睡啦胡几，国际服紫皮+蓝皮卡任务还有3天的题目，后面3天记得做啊，晚安
0,旋转木🐎
1,𝓾𝔁４４４２卖云资源...
0,秒啊
1,妹妹現玚筘直譒⊙溦ccЗ4З62
0,我手机摔了
0,OPEN THE GAY
0,等到家聊
1,懂得加我
1,我名字++喂爽来
0,恍恍惚惚红红火火233333
0,你看看人家的进口闪现
1,ΧΑС596ᚰ偶卖片滴.
1,滓 FTA689☎☎在线看
1,各种差2591 1478 口
1,你就是傻逼，自己去看
1,佳喂：sx111505可越sl
0,微笑，微笑，微笑
1,看名字加我
1,名字++围爽
0,头皮都刮下来傻屌
1,看-黄-家企-鹅752753636ᚰ
1,QQ2952911742加
0,聪明绝顶....
0,平台美女男士太少
1,皇买的私我0
0,骷髅家需要橙码
1,++名字+麦盘
1,《2◎48 7832》操人妻ᚰ
0,电蚊香
0,48900+1000=45000？
1,www.127JU.com
1,家微？
0,攒个屁  不是想一次性交完  早被我嚯嚯了。。
1,尤+CC.名字，是威，大波波
1,🇰 🇺 🇨763插国妹
0,今天口袋300明天口袋300
0,化生寺施法动作不快吧
0,还有这操作ᚠ
0,努力
1,想看片加我好友ᚠ
0,373.7
0,这个靓仔憨憨的😂
0,普通淬炼石只能支持装备到+6，而且看人品
0,全民K歌里面教我行不
0,hhh秀秀秀
1,微微一笑加微
1,荬皇盘私聊我.
1,冉 KMD255ᚰ 靓妹妹微
0,自秀自扣
1,买辣片加哪个微信
1,.75275 3636ᛀ++
1,幼儿QLK290 无码$
1,🐶改不了吃💩，你嫩去🐍吻⑧
1,私播Ven7231包射
1,迦威 sx111 505，有囊人想要的             Ay
1,|V~蒖人制服诱惑値播+ィ訁54628599
0,人流量大
0,4+1就好了
0,181肌肉不丑
1,我要吃乳胶
0,120剑加果子
0,4.9加1.5 加1.5
1,﻿性感撕挖 1827 8385 口。
1,丽 KMD255ᚰ 老板买拼 微
0,买包包
1,www.40vovo.com
1,﻿FS6791 嘿咻嘿咻
1,家庭 人妻撕哇a 1102195422口
0,碰到我干啥···
0,不要理这种人
0,朋友VIP弄个个房间4个人玩
1,𝐊𝐂𝐕９９７好看☀☀
1,漙 ＴＲＡ２４５日批666666
1,看妹妹的名字++++卫
1,打PK PK PKQAQ
0,直接名字
1,圃 ＴＡＤ７６５☀☀日批666666
0,剩下最后的C卷给你送礼物了 又限额了我草
0,给未来的男友
1,НУR382买盘
0,江村赵子龙
1,晗 157 5176 4994 ❤❤❤
0,2➕4➕5
1,﻿ＫС４００７Ｃ曰批  666666
1,漩 29526 Q 77544
0,去外面开房
1,牛13ᚠ
0,这是真的假的
1,家-企-鹅752753636包摄家-企-鹅752753636包摄
1,佳QQ：166829681 luo聊et
0,看看消耗ᚰᚰᚰ
1,2048 7832 美足+口看
0,请关注一下九五后孤寡老人
1,晟片-企-鹅16146 5267
1,﻿2396 8433 看逼嫁口.
1,加Q群6140072免费看女人不穿衣服男女不穿衣服现场指挥表演免费体验30分钟验证真人已经看过看不到死全家
0,请两年时间
1,2787 9947 美腿+口
1,ＫС４００７Ｃ曰批  666666ＫС４００７Ｃ曰批  666666
0,皮皮骗160元现金
0,有点凄美的感觉
0,跑起来的动作好可爱
0,道听途说ᚠ
1,网站免费，加我好友
1,口口290850294
1,你胸好大
0,177高一點點
1,看妹不穿衣◣聊加Q2287249174
0,好样的哥们
0,妳真唱歌不好聴妳唱歌最好聴直播开玩笑當面说妳唱歌不好聴消失
1,75275+3636+看我名字哦0
0,1房间试试雪茄香水
1,迦威 sx111 505，有囊人想要的   vh
0,美国美国
1,怦+CC.名字，是威，大波波
0,大二还要上晚自习
1,贞麦饼-喂心 CAD571
0,然后寂寞无敌手了ᛐ
0,白痴 😂
0,就是纯摸猪屁股 的
1,﻿9790 34390+口看
0,很好
1,革 ＴＡＤ７６５☀☀日批666666
1,﻿需要看名称＋扣
1,伽徽：sx111505可聊可约
1,女儿用你🐎的B区控HS吗
1,是不是加直接看裸聊那种
0,买买买都买
0,线下17强美滋滋
1,7C9A1A055FAC5CEE  7C9D51F0528ED2A7  7CA0CB22F71F7CEE 7CA3BFA72846F98A  7CA52D95FC8DCE6D
1,﻿9782 92051+口口看
0,高高高高手
1,2591 1478束缚淑女口
1,籹奶吸 9790 34390 口
0,烧水下火锅底料完放点喜欢的配菜最近放面条/大笑/
1,﻿FTA678 买-乒威ᚰ
1,买网站的家BHC979 威ᚰ
0,嗨美女下午好棒棒哒嘿嘿我凯凯你表示敬礼
1,❤单❤男❤懂❤+❤色
1,.2048 7832美足+口2048 7832美足+口.
0,大锅，霍茶🍵还是霍咖啡☕
1,佳喂：sx111505可越71
1,KUC965
0,我一公一母 还怕它发情？
0,小姐妹我下去拿豆角了
0,790A62D850C3FDA7
0,全脸
1,﻿2953451608 麦片口口
1,qq1909468414
0,你啥时候去过的
1,﻿KUC69８
1,﻿染 KMD255ᚰ
1,看片dd三块一部高清无码
0,主要演技不行
1,覈 29526 Q 77544
1,苑 29526 Q 77544
1,─5四2 7049 企鹅
1,2218439086家口口看姐
1,she你嘴里
0,哦哦哦 新号
0,孟德人妻收集者
1,﻿18683 583314擦逼威
0,改一下工钱200材料不算
0,哦哦哦，好的呢
1,脱衣服
1,谁想看。私聊我 免费发片。后果自负
0,去猪身上割
0,你说普通话好听
1,敞麦饼-喂心 CAD571
1,喂 BHC979 威ᚰ家
1,网站沜++买的家我好友私聊我
0,无名鬼蜮
1,艺 CC-名字-看拼ᚰ
0,1138852450    我ID
1,𝙜 𝙭 𝙪９５２ᚰ卖盘.
1,ＸＥ𝐊４９６ᚰ片盘
0,蚂蚁老板，全接手ᚠᚠᚠ
0,玩弄靓仔于水火之中
1,+口看 ─5四2 7049.
1,﻿1918 555570  籹水奶߇殀
0,可能抖去帮填坑
0,我名字有种模型
1,家庭 人 妻  斯挖 a1102195422 口
0,以前嫩嫩的 现在肉肉的😂
0,狼牙
1,﻿C-名-字-看-拼
1,﻿ＴＡＤ７６８❤❤曰批666666
1,UKC 九─七微美腿ᚰ
0,卖350到400
1,KUC763妹丝水
1,1255 QQ 4971 懂得加灀
0,这是katama带的老板🐎
1,mrwqkVrpH嶶765510103
0,夸你你不懂
1,安 FTA676 麦-P
1,我名字++喂爽来.我名字++喂爽来
0,姐姐晚安ᚠ
1,别老子吹跑钱赚不完
1,网址，www.nmbmm.com
1,卖片了岛国爱情动作片
0,取笑他ᚠ
1,慇麦饼-喂心 CAD571
0,平台人不多
0,12点之前90多万
0,路口
0,名字写的白嫖...
0,去五个四个唯一的一个女的挂
1,THE777-_-
1,61444 4232✣🐧.
0,哦哦等我
1,杪 KTA679ᚰ麦P威
0,偶尔播
1,网盘买的++私聊我
0,哦哦懂啦
1,看CC  束缚+危...
1,看妹妹名字+++++0
1,你爱妹㈠Q㈠玩Q:⒉0⒐1⒐2⒏⒌3⒊
1,兮 FTA676❤❤
1,佳喂：sx111505可越rT
1,你下面给我吃
0,平台试播
1,s   h    e
0,我出门去了 ，我说就好了 谢谢啦今天
0,( ´﹀` )你怎么不穿时装了
0,潮是比较个性的意思你的理解力太强大
0,哦嗷嗷咔咔咔哦哦哦阿婆
0,哦可哦可
1,龊 ＴＡＤ７６５☀☀日批666666
0,名字颜色有逼格 好卖
1,悬 29526 Q 77544
1,秋老湿，奶子抖得厉害呀。
0,胖洋气
1,★𝐒　𝐊 Ε５９７★➨➨盘
1,你没有屌 怎么PIAO ！· ᚠ
1,﻿溷 KTM657ᚰ
0,都哥们 都兄弟 一言不合😂
1,瑶 29526 Q 77544
0,哦哦哦蟹蟹ᚰ
1,需要买盘网站私聊
0,白痴过年也上75
1,8695 33334 成人片好看加口
1,伊 KMD255
0,啪啪啪啪啪
1,﻿看发言名称+QQ滋源..
1,需要看我CC名字加扣
0,给个🐎甲呗
0,哦。洗洗睡
0,去写个个性签名
1,真塌犸
1,3级各种v1275521408
0,1716做男人
1,若2953451608 麦偏口口
0,是啊，ᚠ
0,哦哦哦ᚠ
1,喂 BHC979 威ᛀ
1,凄 ＴＡＤ７６５☀☀日批666666
0,你还想怎样
1,皇色买的老哥私我0
0,刚刚不知道你卡我卡
0,姿势不对
0,偶尔看下的妹妹你懂的
0,万年伽罗...
1,后 妈的诱 惑a11 02195422家 庭 人 妻
0,DDS加班打图啊？
0,都休息一段时间再上班都不听
1,安 KMD255ᚰ
0,人模狗样
1,卖网站 百万部任你看不需播放器
0,阿龙的小崽子
0,七夕前一天现在都没睡10小时
0,4口奶
1,红2952700242蔲曰批666666
0,700+的武器1W5
0,朋友點讚看到的
1,2048 7832爆操ᚰ
0,捕鱼大哥
0,晴晴中午不吃饭休息
1,可聊可约伽徽：LYG11223305笨人自位 uQ
0,被干皮眼了啊
0,哦哦哦哦 语音
0,Imnot
1,{61444 4232}妹操💗加窛
1,看篇买的老哥私聊我
0,谢谢清新靓丽的图图小仙女
0,火柴人爽的.
1,UCX ł39 日爆妹碧ᚰ.
0,去現場支持妳
0,名字威武qeq
0,七月十四见鬼
0,是的，7777777777
0,人生自是情痴此恨不关风月
1,直播大片，要看的加我口，879499475
0,深喉爆口
1,"nm,nklklolllkm"
0,想起来了
1,XFUA74015301
1,看片~加扣1665977823QQ
1,﻿看逼家口 1537 3608
0,可能會去找我妹囉
1,买片＋2644615631
0,去一次大店差点打人
1,卧槽了
1,高清加290850294扣
0,一本道ᚠ
0,做个坚强的淑女
0,嗨你紅
1,又摸人家胸口
1,珍看-拼-威-心 kzd345
1,秀 29521 91783乞儿
1,卧槽，全裸你发动态，你要出名
0,我内裤洗了没干啊
0,人家卖555  570的  我卖540卖不出去
0,大绣直播看嘛
0,猛男不需要睡觉
0,穿的毛衣
1,滓☀看名加威看
1,UCX ł39 日爆妹妹ᚰUCX ł39 日爆妹妹ᚰ
0,我想买黑妹www
0,林俊杰（JJ Lin）
0,浪
1,█𝕊 Κ Ε５９７█➤买片
1,Y W 90069 +喂+看潘0.
0,去直播間說欸我們台中見過一次面哟
1,佳佳，看我微信
0,你会的
0,不回私信
1,真美早上晨勃好难受
1,看片➕v Michael_59 10块钱三部在线观看
0,我学一下 下次去做舞池最靓的崽
0,合理避税
0,去星月下播解散
0,女护士不温柔·
0,TAKE FAT RAT
1,1964 7519爆日嫩碧+叩ᚰ
0,4500左右的
0,哦哦 浙江的是文澜阁
0,1500左右.
0,140万加3100万
0,委屈点赶紧造
0,可能主播没帮大家的忙
0,17亿
0,做好事
1,迦抠 194 823 776 笨人视频 可箹 ep
0,你别发情了
1,UXC 167 爆日嫩碧ᚰ
1,播片播片播片播片
0,哦买嘎hhhhhhhhhhhhhhhhh
1,伽筘 2575 21060 可箹撩 付俐   Qp
1,𝐔𝐗４４４２卖云资源.𝐔𝐗４４４２卖云资源𝐔𝐗４４４２卖云资源.
1,UKC136 芸妹美腿ᚰUKC136 芸妹美腿ᚰUKC136 芸妹美腿ᚰ
1,买网站的私聊我
1,卖片18岁的，要的联系我无码高清
1,小叽叽
0,跨坐椅子
1,🇰 🇺 🇨763国日韩
1,𝓾𝔁４４４２狂日少女
0,我挂机睡觉了有事喊
0,你會自言自語
1,黄网2块加我
1,下载【美见】APP璜播!!
0,蘑菇愛睏缺貓幣黑色
1,兮 FTA675ᚰ麦-拼
1,看昵称 需要加扣
1,𝙝 𝙠 𝙭５９４ᚰ看盘看名
0,报名加我
0,下午好ᚠ
1,看片➕我
1,喜欢看你不穿衣服
1,愿不愿意火山直播尝试一下比好多方便留个微信说不
1,啥鸡巴打扰了
0,新区认准阿鹏进裙+apeng9966
1,24365 08094片扣
0,你是厨师吗
1,老+CC.名字，是威，大波波
1,轩 CAD644ᚰ伽威-麦P
1,﻿8695 33334 老司机加口
0,毫无抵抗力
1,LKK5520110
1,洁喂心CAD571
0,全区前20前10
1,兮 FTA676 麦/P/❤
0,靓仔机动性好😄
0,主播在线语音骗人要礼物
0,你美不理
0,KTSB-006
1,ХСК396卖
1,伽韦 sx111505 珂视频箹                 ib
1,网站+沜+买的私聊我
0,我上午杀15关第一次体验到当召唤师的快感
1,"mmMvvvvvmM.v.v,m,mv"
1,做sm 没加血被扫死了  在打字挡住了
0,快乐送🐎
0,欢迎我的秋秋儿ᛀᛀᚰᛀ
0,你先把时间搞清楚
1,卖片的来了！需要网址的老哥们私聊我
0,KFC的想法~~~哼
0,咖啡☕️？
1,潜 KTM657ᚰ叶子楣
1,想瑟瑟
1,你儿子喊你回家喂奶
0,保持绿色直播间
1,看看你全裸自慰起水
0,搞清楚她对你的心就好了
1,752753636ᚰ网站盘
0,VX也不搭理人
0,嗨亲爱的中午好哒
1,总有一些傻bi活在梦里，键盘侠找借口
0,避避邪
1,抠逼喷水全骡徽心kkb040
0,🐁🐂🐅🐇🐉🐍🐎🐏🐒🐓🐩🐖
0,对，拖家带口
0,应该是ᚰᚰᛀᛀ
1,﻿冉 FTA676❤ ❤ ❤ ❤买P威
1,波霸吗ᚠᚠ
0,我斩石太刀+6！！！！
0,ST  3000-3100
0,cc的名
0,这贵啊
0,+
1,佳 w2753636 麦饼卫星
0,就均衡把高清你处理器不够高
1,皇资源买的私聊我新的
1,篇加企鹅 ｛2048 7832
1,🇰 🇺 🇨763国妹丝.
1,﻿19185 55570  籹水奶߇殀
0,1314的姨妈巾真好
0,山怕🐎❤️来找她，所以……
1,影 157 5176 4994 ❤❤❤
1,枝 158 7996 2374 ❤
1,美 FAK256ᚰ
0,哦哦哦-.-
1,﻿EYD235买拼微
1,免费嫖娼？
0,你家未知文化
0,一千多万币你刷五千多万流水不知道
1,《2◎48 782》加企鹅ᚰ
0,老铁666
1,﻿染-卫星 ＫＵＣ５３７
0,买家秀VS卖家秀
0,2种颜色...
1,ㄠエ㈢ニㄖスゐゾ鱑鳝値噃+嶶360752391
0,18岁非讲35岁会不会聊天
1,棼 KTM657 ᚰ靓妹
0,哗啦哗啦。，噼里啪啦。
0,来首周慧敏的
0,咖啡哥你变了
1,﻿染 29521 91783+口
0,全面屏的估计加点钱7000
1,伊好看 FTA675 ᚰ☎☎☎
1,抠逼骡聊徽KKb040
1,看片加企鹅964612574
0,抽烟喝酒撸串熬夜一大堆坏习惯
1,犄 29526 Q 77544
0,灰灰
1,用byt套上= =+
0,人家安徽的
1,熙 FTA676 麦/P/❤
0,mmmEmmmmm
0,后坐
1,求无码高清
0,那黄黄的
0,Q，群号，，753485420
0,努力加油哦青决
1,皇色买的老哥私我.0皇色买的老哥私我
0,我在梦都有公职纯属是猪奈看我以前是妖S市长才给的o(一︿一+)o
0,停播期间人走火入魔
0,怎么不穿昨天那个衣服了
1,买盘网站私聊我
1,道具私播真人全露v信：taa1011
1,私聊我看名字
1,安29534 51608 麦偏+乞鹅
1,𝘟 𝘏 𝘊５９３卖盘盘
0,刚刚发了三朵花中500
0,很丰富
1,35141 73330美女+αᚰ
1,草你麻痹祝你全家螺旋升天托马斯360度送死
0,去星月几次
1,名字+++围沜+++
0,随口随口
0,14  18  21  25  30  35 50  80  100
0,绕口啊
0,EMMMMMMMMMM
1,﻿看名+口
0,人品差
1,色❤单❤身❤男❤懂❤加❤色彩
1,喜欢妹妹咪咪扣逼加微信sh9798
1,屁股扭过来过去的
0,老哥你快秃了
0,ᚠᚠᚠᚠ
0,可能50W会变100W
1,﻿看佲+Q 雲片..
1,C9667D 姐妹寂寞..
1,够 w2753636 麦饼卫星
1,妹妹苋畼筘直播你媺号cЗ4З6
1,媛 157 5176 4994 ❤❤❤
1,晟 ＴＲＡ２４５☀☀日批666666
0,那是限量的
0,哎呀我草笑死我了
0,道哥你的砸蛋能不能放21个有的，说好的福利你这砸完血赚福利个鸡巴
0,哦哦哦，看到了ᚠ
0,AreyouChinese!
1,买皇资源老哥私聊我.
0,这个可以微信充钱嘛 想弄个🐎都不行
1,月 29521 91783乞儿
0,YW90069家喂
0,慧慧要灌我
0,十五不是以前在🐧电竞吗
1,云 FTA676ᚰ买乒威
0,人流量大
1,英 w2753636 麦饼卫星
0,卧槽牛批哎
0,学不会
1,v13580999849网战国产，
0,可能不白
0,国产原来越好了   除了足球。、
1,佳喂：sx111505可越oy
0,灵饰，比较刺激
0,1-7天内哦
1,家庭 人 妻 斯挖  a1102195422 口
1,妹妹嘴你喷　　止　：　ZF22ＣＯＭ
1,韵鹅351144829
0,我上来看了一眼  你们吃了个鸡屁股
0,好无聊哦。。
1,然2953451608 麦偏口口
0,我咋听个卫生巾
1,✾ 𝕏𝘏𝕮593 ✾偶麦片 .
1,看抠B婊演+微芯T4411
1,﻿7747 33332美逼加窛.
0,宝宝好爱你
1,亚麻带
0,一套完美动作。
0,45%加成
0,琳琳琳琳哥
1,秋 CC-名字-看-电视ᚰ
1,熙 KMD253 麦饼-麦饼
0,没有中520
1,罗博，免费视频扣2687650849
1,求网站地址
1,中奖截图发你了哟ᚠᚠᚠ
1,各种插 2591 1478 口
0,嗨美女下午好
1,卖片联系我
1,买片➕v17605873017
0,呼叫器
1,﻿2074 9937 需要家口
1,Η Κ Χ ５９４➽片
1,卖各种类型片了私聊我
1,琳-喂心 C₳D571
1,豬樹2坎梶群176534781
1,i love big lollipop and you can eat my doughnut
1,曰我
0,儒家儒家喊中国
0,力劈枷锁别被人枪P掉了哈哈
1,各种乱差2591 1世78 口
0,我要睡覺囉晚安
1,﻿﻿C9667D 寂寞姐妹
1,ＴＫＬ３４５
0,450  350 350 600  500
1,漂亮妻子14444 Q 54332
1,裸疗加威号tuo442来看裸播
1,¿¿¿¿¿¿¿¿¿¿¿¿¿¿¿¿¿¿¿¿
1,窇樉値噃mldVuWN
0,还是龙拳 刺激  停不下来  别的区 灭了几次都怂了
1,﻿2074 9937 看逼嫁口。
1,漙  KTM657 ᚰ看-P
1,最新最好黄资源..买的看姐姐名字加我.
0,120珍珠35-40，140珍珠几百万起步
1,看名字“shjh999”送神兽
0,萋萋呢
0,不是男人不坏女人不爱
0,我要下了哦ᚠ
0,进阶750加200加。500内丹
1,影 FTA676 麦-Pღღ
1,戤+CC.名字，是威，大波波
1,芸妹+口 1537 3608ᚰ芸妹+口 1537 3608ᚰ芸妹+口 1537 3608ᚰ
0,去給妳煽風
1,傥 ＴＡＤ７６５☀☀日批666666
1,﻿舒+人妻971111490冦。
1,𝐩𝕒𝕒495ᚰ芸片.
1,淇 CC-名字-看拼ᚰ
1,熙 KMD255ᚰ 国妹亮妹微
0,俊眉修眼顾盼神飞文彩精华见忘俗
0,唱唱歌休息會兒
0,哟哟哟哟哟哟哟哟
0,够拖ᚠᚠ
0,刷个神器，花80万买武器
1,我🔪他🐎
0,芒果8块 9块的
1,轩 CC名字麦P在线❤ ❤ ❤ ❤ ❤
0,好运点关注找到主播
1,2386 3540芸妹+口口..
0,嗨起来好不好
0,感觉这个3+2好难啊··后面两手完全摸不着头脑
1,快来强爆　ZF22ＣＯＭ
1,熇 29526 Q 77544
0,到时候看看先
0,吴哦 噢哦哦
1,卖盘+口 6144 44232
0,美女学生QQ28894815ㄝ11
0,不配上
1,ᛐwww.啪啪ce.cn
0,你家一哥
1,看大波美女釦筘2710876563
1,无任务底薪
0,刚才有个兄弟说想舔脚，我想知道添脚需要刷多少？我好心里有个目标，搬砖要多久
0,蕊蕊蕊
0,妖妹妹hhh
1,.看佲+Q 雲片
0,都土豪没办法
0,我太了解她，厚颜无耻，不择手段
0,现在有暑假活动了  得活活累死
0,7红 3000左右
0,哦哦哦  那彳亍8
1,澜麦-饼46837(Q)1072
1,恭 w2753636 麦饼卫星
1,2048 7832萌妹+αᚰ
0,进口神祐
0,想虐我
0,去盈客喊去人
1,荆 29526 Q 77544
1,露乳露乳
0,哦周末
1,网站++沜+买私聊我CPP6664
1,君 157 5176 4994 ❤❤❤
0,不说出来委屈说出来伤感情
1,﻿2591 1478 爆差口。
0,文哥
0,你家未知
1,君 KTA677☎☎ᚰ麦P
1,够☎☎ＦＴＡ６８９☎麦P
1,𝕩𝕖𝕜496ᚰ售盘
0,差不多只废豬
0,帅B.来过啊？
0,偶尔发出
0,KK键盘，怪我咯
0,养家糊口难哦
0,黑色有诱惑
1,然 FAK256ᚰ
0,这名字拗口
1,PCK728 素女.
0,咖啡咋了
0,妳這一畫人數300人
1,2591 1478 爆曰口
0,全面屏的估计加价70002
0,大爷
0,我名仕胜率77%嗷
0,你以为只是护士啊
0,我🉑️妻
1,我想进去你身
1,买黄篇的哥哥私聊哦
1,露乳沟
1,﻿+口看2744 7053
1,伽韦 sx111505 珂视频箹                 il
1,片看名加Q
1,▓𝕊𝕂𝔼597▓☛☛卖盘
1,篇-加-企-鹅1506 4775
0,你直播的
0,抓我干啥😄我躺床上酝酿呢
0,1250左右
1,恸 KTM657 ᚰ靓妹
0,ᚠᚠ晚安哈
1,妍-麦-饼-伟-心 ＫＵ€５３７
0,终于模企鹅了
0,来首你的名字写烟上吸进肺里
0,裸播吓人
0,讓來壓你
0,百威，黑啤，白啤，
1,﻿7747 33332涩逼家口.
1,﻿2952354478蔻批666666
1,娟TPK564ᚰ片薇
0,做你男朋友
0,倒一次一个潘多拉中560
1,加 v 更 亲   、密 的聊天
0,老标准
1,﻿看比伽口 9786 49984.
1,买黄资源的私聊我
0,好于以往
0,西湖区
0,封口费封口费
1,篇资源和我买私
1,环好看 FTA675 ☎☎☎☎☎☎
1,佩麦饼-喂心 CAD571
1,加，v，看美，羊羊洗。
0,哦哦 上冰块
0,来点福利
1,家752753636企-鹅
1,身边的美丽主播不~穿~衣~表~演~指~挥先视~屏~后上~门服　务【ＺＦ２２ＣＯＭ】复制打开即可享受列
0,STEAM夏促我刚买了
1,晢麦饼-喂心 CAD571
0,5件套+300法伤差不多吧
0,小公举ᚠ
1,枝 29526 Q 77544
1,莹看-拼-企-鹅35114 4829
0,ᚠ 金毛一只
0,华丽的动作？
0,您可真是个天才
0,芊芊的名字---
0,准备杀boss去，4轮马上好了
1,落 KMD255ᚰ暖妹美丽
1,佳喂：sx111505可越QJ
0,哦哦懂了QAQ
0,退卧槽
0,AIT+A 就行了
1,Y W90069+喂++看皇.
0,都不是小孩
1,﻿2744 7053口口看
1,有没有无聊需要网址的老哥们！要的加我私聊
1,看CPU GPU 内存
0,动作？？舒服？？
1,KU4251高清无码国产
0,➕7.5.9.3.3.3.0.1.8
0,大哥人
1,﻿PCK728 少腹
1,2787 9947美妇避+口
0,dh54646464
1,﻿C-名-字-麦-拼
0,电饭锅
0,今天我又被我妈妈逼着去外面……
1,佳喂：sx111505可越we
1,名字+++围沜爽0
1,迦威 sx111 505，有囊人想要的   qK
1,デぽ㈤クくヲㄒァ鱑鳝値噃+嶶360752391
0,看看锦衣的名字
0,你会被要求加班加到昏倒的
0,阴阳师人口普查
1,孬 ＴＲＡ２４５☀☀日批666666
0,我快吐了
0,人呐比较实在表白比较实在
0,大哥天天倒贴钱ᚠ
0,报团的还有
0,平台送的
0,七月快哭
0,QQ
0,阿濠太嫩了
0,惨了没办法
0,520欢乐一周年
1,美女你奶头路出来
1,﻿TAK667☎P威
1,75+2753636+++名字
1,主播知道主播露胸
1,﻿ＴＡＤ７６８❤曰批666666
0,寂寞了ᚠ
0,忘了张靓颖和江映蓉是不是同一届的～
1,嶶765510103けダビーデあそㄇ
0,染个指甲还要偷偷摸摸
0,感谢大佬的红包！
1,名字+++围观沜++我
0,在风景靓丽的青青草原上有一个帮派，她的头子是喜羊羊大佬，与一个黑狼家庭
0,哦，皇宫
1,熙乞儿 29521 91783
1,慧 FTA677ᚰᚰ
0,口动
1,眞人激靑直播加Q2283339727
0,CC77武哥哥
0,就是购买靓号用的靓号卡啊
0,是我ᚠ
1,ＫС４００７Ｃ曰批  666666...
1,168917056夹Q
0,我有點想睡哦哦哦
0,太平公主ᚠ
1,←扣君羊看 片
1,瑶 T6787V 纯情
0,来首许多年以后
1,cccccccccccccccccccccc
1,区 ＴＡＤ７６５☀☀日批666666
0,20400+3580+
0,寂寞了可以来找我，我不想当处男了
0,看到了自己号的影子  900+天 散件+150
1,密码www.869ee
0,你说蝈蝈别人一个刷四百多一个刷二百多
0,肠胃炎，植物纤维多的食物会刺激胃肠
1,企-鹅835422224
1,君 FAK256ᚰ 看-电视
0,520发一天
0,今天我家兮兮参加新人赛了
1,买网站盘私聊
0,雪无.5+3+2为什么不出个多技能
1,污就脱衣服
1,ＫС４００７Ｃ曰批666666..
0,ᚠ我负责拍照
0,CXK的队徽笑死我了
1,潜麦饼-喂心 CAD571
0,潇洒2500躲避
0,我现在主玩伽罗，就是为了刚对面的tank
0,许多愁
1,谁看片联系我
0,昨晚睡觉时想的
1,Ｓ 𝕂 Ε５９７ ☛☛卖盘
1,名字++围沜+
1,看骗加我免费看
0,不带肥皂了🐎
0,12345678 8647554+4457415
0,、追逐风喜欢风撕裂身体的感觉
0,加辣加辣加辣
0,禁果果
0,上次天天没钱不是第一次200
0,绝对诚信不骗人
1,75-275-36-36-企-0鹅
0,户口90身份证89
1,＋口看名
0,10人口算了
1,qk4459++卫+
1,素 KTA679 买乒威
0,我上把在打架被摸屁股了服了
1,网站买的私聊我
1,操你妈不用说脏话
0,看这个头像，一定是稚嫩的女孩纸Σ(|||▽||| )
0,vx不可以
0,信息看到
0,雙手
1,看片加我
0,你动作太慢了
1,荔 157 5176 4994 ❤
0,啤酒饮料矿泉水花生大碗面烤鱼片
0,看名字撩
1,Y W 90069+喂+看潘..
1,舒微 FAK256ᚰ 看-电视
1,看妹妹名字家洗白丝袜了
0,😂能签名，还能自己换动作
1,块2952700242+蔻666666
0,打成4000左右
0,还以为你不里
1,你告诉我你wx
0,动漫的好！生动又激情
1,买篇加企-鹅1967 4651[s电到了
0,微微
1,﻿6144 44232 大波+口.
1,﻿加我名字6666.是口口呀.
0,游戏更新不了
0,人生如戏全靠演技
0,不能干什么觉得
0,5977我的
0,染髮ㄟ
0,媛媛艳艳
0,讓消失記憶裡
1,看美腿了
0,看看人家的酒吞10-1
1,可约可约伽徽：sx111505Wy伽徽：sx111505Kf
0,你说2000w
0,4+2等于5
0,36000...
1,韵 FTA676 麦/P/❤
1,𝕩𝖍𝖈593买盘你加我..
1,看片加Q
0,人家追求全面发展
0,平台好好播的主播没有做不起来的
1,67657657/9657567564563453464532
1,BHC979夫人蛇ᚰ.
1,﻿溷看大波波 29523 54478 +口
0,去找你玩
0,看到妹妹
0,求地址
1,﻿∪х５６６２进退插。
1,𝐔𝐗４４４３卖云资源.
0,2NE+2WZ+WDD
0,主播到几点
0,偶尔女神叫京京多数女神经
1,舒 FAK256ᚰ -微
0,什么鬼啊
1,网站-家-企-鹅752753636看-ᚰ
1,珍  KUC539 麦饼薇
0,人都没有见点关注
0,跑车不
0,直接卖球鞋
1,看妹不穿衣服Ψ聊加Q1182475972
1,看盘口呗
0,虐人机超爽的
1,心心小妹妹妹妹妹妹妹妹妹妹妹妹妹妹妹妹
1,恸 CC-名字-看拼ᚰ
0,182米体重148特警看上的没
1,高清加我
1,需要买网站盘私聊
1,2218439086+口口++++++
0,你会说话不
1,涩∏聊加Q2083424706
1,震荡行情，散户把握难，个股机会一直不缺，++散户++葳心:⑤①⑥③HKL
1,7747 33332擦逼家口7747 33332擦逼家口.
1,红 +CC名字，是威，看大
1,落 158 7996 2374 ❤
1,芸妹 BHC 979 威
0,嘎嘎嘎嘎嘎.........
1,3176045574加我有惊喜
0,去买 武林 里面的+++++++++++++++++++++++++
0,你这么大一个老板   7钱你都想省
1,3129 327948😍加球球免费国产
0,七月真的什麼事情都會發生
0,免费带我
1,看片加qq692653285。
0,漫威联名
1,网址 盘看姐姐名字++.00
1,𝐱𝐞𝐤496ᚰ来啊 ..
1,看姐名字+喂.
0,想看PT打图
1,看片加资源V 18224585477
0,朋友的名义永远陪你好
0,谁笑的这么幸福
1,𝘒 𝘛 𝘈 679罓
0,南沫乃高手高手高高手
0,星月神话我要听
0,131.130.132.133.134.135.136
1,嶶765510103ぎどホヂㄅ㈨ぴ
1,钓一个妹
0,你美能行挣钱能补
0,去找你
0,在点外卖呢ᚠ
1,﻿寂寞人器 98 四个一 490滱
0,截图我干啥。。
1,孬 29526 Q 77544
1,兮 KMD255ᚰ纯/洁
0,5119的黑名单呢
1,需要买网站.盘的私聊我0
0,三生三世十里桃花换来三生三世貌美如花；
1,乱 29526 Q 77544
1,沜++网站++买的私聊我0.
1,﻿2287 9947 美脚+口
1,肯定干你
1,还能加微信
0,可能不想你玩你太不靠谱
0,不要看电视好好玩玩
1,恭 CC-名字-看拼ᚰ
0,有钱人未必看的上ᚠ
0,密码机.......
0,520截500倍不赚
1,﻿𝘈 𝘡𝘉 12💜6𝘈 5𝘡𝘉 1265
0,加码！
1,煮饽饽Q Q785106057
0,哦哦龙吟。
1,我找到了免费网址
1,＋CC茗 看片
0,口耐耶
0,点下面的+号
0,得买1.73的镜片
1,需要买黄篇的哥哥私聊我0
0,里里ᚰᛀ
0,请你当做一个客户看待谢谢
0,月中哦哦
1,腊鸡柔光，天天圈钱，曰你女马
0,+1好吧
0,哦哦羡慕
0,9000联系我
1,皇色买的找我私0
0,爱 CC-名字-看-电视ᚰ
0,SHE借口
0,我关注你的姐妹以后好找
1,隘 29526 Q 77544
0,一组血攻宝宝  +1个须弥   就6个宝宝
0,染染染
0,直接扣5，加5
1,塞 CC-名字-看拼ᚰ
1,﻿FTA675ᚰ你的-最爱威
1,𝕏𝐄𝙆496ᚰ超好看
0,大叔嘴厉害哈哈哈嘴厉害你知道
0,报名报名
1,看不穿衣加QQ2729√44√8941
1,麦片麦片
1,裸播Vlvkb68
0,美色诱惑
0,不知道金佰翰地名
0,一个人好无聊关注＼（^^）
1,篇儿买私聊
1,DMM045覑+V
1,民 29526 Q 77544
1,名字家我看丝袜保湿
0,晴晴往后坐坐扭动起来
1,✿✿𝕊ΚΕ597✿✿卖片
0,卖屁股吗
0,550+550+1300+750+750+750
0,我去打游戏了 一起🐎
0,500块....
1,➕QQ：7.5.9.3.3.3.0.1.8
1,❀ 𝕏𝘏ℂ593 ❀真好看
0,不因丛农村的说话不大脑对不起
0,哥哥对你真爱
1,兮 KMD255ᚰ
1,大奶上会有淤青
0,你家有没有震动棒
0,不耍都加
0,人愿意為你付出
0,挖了2000+张..成本快8000Wle 身上还剩200W+
1,QQ2065525941
1,𝓾𝔁４４４２狂日小月月.
0,搞定ᚠ
0,朋友服装厂忙
1,看着AV啪啪啪
1,咏麦饼-喂心 CAD571
1,看黄买的老哥私聊我.
0,昨天晚上播着播关
1,卖片的私聊我
1,EK𝐗596买片的这里
1,滓☀☀☀☀看铭+微
0,去一直远走高飞
1,篇加企鹅 .20篇加企鹅 .2048 7832ᚰ48 7832ᚰ
0,可能這裡胃口比較大
1,﻿2247 1419 看逼嫁口
0,超想點超級白
0,害这个不能在这聊
1,2218439086++口口
1,蔻+看1967 4651
0,稍微偏 下看
0,哦哦哟哟
1,𝕩𝖍𝖈593片卖.
1,﻿2744 7053看逼伽口口
0,阿凝你礼物好多
1,佳喂：sx111505可越Eq
0,ᚠ，暑假活动的祥瑞算不算限量
0,左上角关注点一下
1,𝔵 𝙝 𝘤 5 9 3 ᚰ看盘
1,粉丝群账号
1,﻿就是干筘 ─5四2 7049.
1,UCK 169微美丝ᚰ
0,的强哥的宝姐
0,感谢李白开的守护呀ᚠ
1,卖片的联系我
0,免费的- -
0,傻眼
0,16+11女八木找团队
0,最少四张靓号卡换一个
0,还是175快乐 激情
0,腊寒之梅
1,皇盘荬的私聊
0,卖艺ᚰ
1,色---清 --女--主--播
1,老哥们无聊需要网址的私聊我
1,都女人扣逼视频
1,君 FTA676 麦-P❤
1,哥哥+妹妹微ypp865看
1,2396 8433寂寞少付口
0,中    国    烟    民国   家栋。。。梁
0,我雪断桥遛7台+一刀
1,加薇号sfxk58
0,惹你
1,块☀☀☀☀+名 看波霸
0,来首你好不谢谢
1,荆 KMD255ᚰ 买-拼-微
0,哦哦  茶茶
1,.网址盘私聊我++
0,买可口送可乐
0,惹妳
1,𝘍𝘛𝘈675ᚰ麦乒
0,：按ctrl+tabl  有时候不能切换窗口了啊，我按错哪里了
1,好漂亮的美少女ᚰ
1,﻿看发言名称+QQ滋源
0,佛曰不可说
1,甜甜qz353687微
1,YW90069看偏家喂
1,﻿61444 4232芸+寇。
0,说好的  穿丝袜呢
0,买包包，买口红
0,我觉得嫂子长的还行
0,我看到名字了ᚠ
0,坐飞机带行李箱
1,2140 8797寂寞姐加口..
1,┊506 4775╬α暴力插毕ᚰ
1,买-篇-企-鹅8354 22224ᚰ
1,佳喂：sx111505可越Ch
1,你男人的大鸡干过逼
1,啪啪啪啪啪啪啪啪啪啪啪啪啪啪啪啪啪啪啪啪
1,淑麦饼-喂心 CAD571
1,静 CC-名字-看-电视ᚰ
1,﻿KMD253威
0,刷得你开心死了
0,看私？
1,美 FAK256ᚰ 看-电视
1,网站盘看名字++.0
1,𝕏𝐄𝙆４９６ᚰ来看 .
0,可能播七个亿
1,这是哪个傻逼解说闭嘴
1,﻿C6889D 寂寞姐妹
0,护士
0,你睡着你很累
0,ᚠ我靠20票被干了
0,5块左右
0,免费的国服
0,不你以后毕业种田中大豆去
0,1700加400加120晶石
0,狡猾15%躲避
0,哦哦哦怪不得理解理解
1,1255 4971 黑足加冦.
0,卧槽，居然不是用名次得珍惜么？
0,你玩vx多还是QQ
0,好眼力
0,龙哥看私聊龙哥看私聊龙哥看私聊龙哥看私聊龙哥看私聊龙哥看私聊龙哥看私聊
0,第一次玩這個
0,跑不了跑和尚跑不了庙
0,黑色丝袜不好
0,人品差[cx哭脸]
1,看看200万的女儿
1,伊 FTA677ᚰᚰ
0,500+500+350+4700.
1,﻿性感撕挖 ─4九5 9967 口
0,人群不接触的不
1,冉 29521 91783乞儿
0,可能是因为慢性咽炎
1,🇰 🇺 🇨763国日韩.
1,美 157 5176 4994 ❤❤❤
0,哦哦哦KKK
1,UKC九─七ᚰ
1,需要看偏的老哥私聊我00
0,感谢尐馒头 এ
1,Ｐ Ｚ Ｃ４４６卖盘
1,ｘ𝙚ｋ496ᚰ看片
0,xi da da
1,羽 CC-名字-看拼ᚰ
1,韵-黄色 K U C 5 3 4
1,要片私聊我有
1,琳 KTA679 买乒威
1,卖片要的联系
0,3000W需要450点左右三界
1,喂妹妹BHC979威ᚰ
1,网站盘看名字++私聊
1,迦抠 194 823 776 笨人视频 可箹 w4
0,以前玩赌房最多一次赢600多万
0,展示一下我优厚的地理位置
0,你认真的吗
1,网盘加WX83430662.
0,女神想来守护你
1,﻿感觉你很好吃呀
1,俳 ＴＡＤ７６５☀☀日批666666
0,小18小2820万
0,休息一下你太累
0,设
1,看姐姐名字加我看篇
1,Y W 90069+喂+看皇潘0
1,看片地址~加扣1665977823QZ
0,今天不敢花几千块买东西去明天的哒
1,KB80098片!
0,口区哦
1,𝐁𝐊𝐏997卖云资源
1,韵 29521 91783乞儿
0,我vx群没改备注的，而且我刚来两三天🌚
1,美女你好的机巴好大好长日进拔不出
0,滑板鞋+德莱文
1,𝐔𝐗４４４３卖云资源
1,佳喂：sx111505可越WQ
0,美女你好
0,138237478
1,卖片，私聊
1,落-麦饼-喂心  C₳D571
0,别回避的问题
0,平台连麦视屏
0,名字看饿
1,2290 2554+蔲曰批
1,WDD  PT  DF  DT  魔HS
1,C9667D 姐妹寂寞.
1,月好看 FTA675 ☎☎☎☎☎☎
0,中四次了ᚠᚠ
0,openlah
1,曂片^网祉ｗ６.ｐｍ
0,上次撸串一个ts搭讪很尴尬
0,想独享晚上跳一个人看
0,危机四伏若即若离
0,到处看看
0,四处帅锅...
0,575037
0,薇薇薇薇呢
0,45645645654654
1,网盘买的++私聊我.
1,加 两 扣 扣 裙 呗
0,秘密  紧张刺激的
1,YW90069家喂看盘
1,xxx000
1,有需要看美女直播的加我，
0,520花花120组
0,懂懂懂111111
0,孤独终老的节奏
1,z.   U. O   ai
1,家看筘 1542 7049
1,琦 29521 91783乞儿
0,准备吃饭
0,嚯诱惑我哦
1,﻿染 FTA678 ᚰ﻿买-P
0,ᚠ来打我啊
0,老郭希望你的好
0,娅娅家缺盘子。
1,﻿若 29534 51608 买-拼-鹅企
0,钱
0,人气三千
0,懵+1。😂
0,去現場
1,看姐姐名字家丝袜白白
0,520节的580
1,FUCK。。。。
0,17天拿到驾照
1,謙謙威49189491資源補貼20%
0,一动一动的迷幻
1,﻿2287 9947 看这里+口
1,轩好看 FTA675 ☎☎☎
1,名字++喂爽0.
0,哦哦，吃饭
1,看妹妹的名字家看丝了
0,啪啦美啦
0,炖茄子西红柿，豆皮
1,8695 3334美足+口口
1,伽韦 sx111505 珂视频箹   Ge
0,一直沒出去
1,Y W 90069+喂+看皇潘.0
1,CWE6887 插爆←
0,33.33333333333333
0,雪碧加芬达
0,人生如戏请接下一句
1,UKC917薇丝袜 ᚰ
1,簧片需要的私聊
1,买网站盘的老哥私聊我
1,100元=580万币加Q
1,﻿“蛟龙22”用拼音伽徽ᚰ
0,(⊙o⊙)哇靓仔
1,晶 29526 Q 77544
1,丽 FAK256ᚰ
0,不是不穿 是买不起 谢谢
0,在线看直男撩妹ᚠ
0,可能順序弄錯
0,去壽星說生日快樂刷禮物
1,﻿染 29526 77544 乞鹅
0,------------分割线--------------
0,扣扣66
1,美美女师哥加微信小卫东
0,人类看不到人类很忙
1,《2◎48 782》私人美女ᚰ
0,三人行必有我师的老司机带路比较好
1,睟 ＴＡＤ７６５☀☀日批666666
1,没有卖片的了！需要网址的老哥加我我有
0,来首辛运
1,mai 片 +
0,哦哦哦哦哦哦iiiii哦
0,我只心疼我自己ᚠ
1,黄播10元。需要的私聊
1,恍 ＴＡＤ７６５☀☀日批666666
0,喜欢听刺激的
1,网站盘私聊
1,夫人 BHC979 威ᚰ[s流
1,网红爆擦++看姐姐名字家
0,你啥时候生日
1,盘片+CT6085
0,靓仔，记得我吗😊
1,伽徽：sx111505陪小妹玩游戏     Tl
1,.2074 9707 美足+口.
1,✿ 𝕏𝘏ℂ593 ✿一起看 .
1,www.776mz.com
0,寶貝時間去休息先睡
1,看名加Q
0,欢迎蜜桃
1,离 29526 Q 77544
0,残缺的月一点一点变圆
0,14w5 4w5精神
0,520金币破解一下
0,咋还吃上了，我都饿完了ᚠᚠᚠ
0,520····+++牛逼
0,请讲普通话
1,迦抠 194 823 776 笨人视频 可箹fs
1,𝘍𝘛𝘈675☎买乒威
0,老虎打不到ᚠ
0,七夕快乐小可爱
1,-加-企-鹅15〇6 4775
0,5000左右！
1,熙-靓-妹-卫星 ＫＵＣ５３７
0,晴晴猪睡觉
1,𝐗K85ᚰ买片的来
0,去问问
0,141726262
1,瓦QQ1279833979
0,151-300，451-600
0,居然九星了
0,UC震惊部，
0,7717加油.努力
0,朋友干直播
0,(。﹏。)嘲讽我吗
1,卖网站 直接私信我
1,可聊可约伽徽：sx111505陪小妹玩游戏iy
0,cc里有小名扣1，没小名扣2，开始
1,752753636盘
1,迦威 sx111 505，有囊人想要的             qW
0,哦哦，c卷买的送就有用了对吧
1,网站+沜++买的私聊我哦
0,两个宝宝都是女孩ᚠᚠᚠ我
0,回家园躲厢房级洗ᚠᚠ
0,极 你要2688*2 +1388*3
1,想你艹
0,番茄為什麼
0,3408781589
0,无惧无畏？
0,是靓仔😒
1,黄色w2.pｍ
0,我有个克木20+雷暴+9灵性50的16级项链
1,网站+沜++买的私聊我0.
0,嗨小妞
0,任务完的成
1,巧 157 5176 4994 ❤❤❤
0,你美好想你娶回家
0,羽沫hello
1,蔻2247 1419 撕哇
1,户换网纸，懂得加我。。
0,要成了
0,12点之前45万左右
0,狼步
1,𝐊𝐀𝐃667☎☎
0,呵呵最知道麦下来
0,冉冉走一组520
1,后 妈的 诱 惑a1102 195422家 庭 人 妻
1,威信TWW236主播私聊
0,我想爆粗口ᚠ
0,卖友求荣....
1,伊薇 w2753636
0,胖真的
1,口  交
1,枝 157 5176 4994 ❤
0,知道你家汉口你现在武昌
0,7-8人口
0,来首你
0,15万可以买到很漂亮的，进口的
1,-夹-企-鹅-看-752753636ᚰ
0,买口红
1,懁  KTM657 ᚰ看
1,豬樹坎梶群176534781..
1,约p加v：gyn6310695
0,七夕立誓以后一定找你的炮友
1,怡 CC-名字-看拼ᚰ
0,数据与格式和注释混杂在一起
1,染 FAK256ᚰ看电视
1,斜+C名是威看咪
0,荔枝家的哥哥
1,佳喂：sx111505可越sj
0,搞巧克力
1,KB80098片，
1,粉丝牌奶子？
1,"看骗加q,495851478"
1,现场直播大片，要看的加我口，879499475
1,罢 29526 Q 77544
1,卖盘老哥加我
0,妹妹秋秋
0,1 87 549554 554 57
1,地址，私来
0,买买买买！！！！！！！！！！！！！！
0,你他妈就不能让我起来 
0,划到  1400R左右
1,2218439086+口+口看黄的视频
0,不告訴你太多人會害羞
0,AHHAHAHAH
0,哦哦，上饶市的哦
0,人家对方要求更高- -
1,皇要的私聊我.
0,狼的蜕变
0,ᚠ太机智了
0,三桑c5000不错
0,去问一下500块钱卖
0,陌生人
1,安 2953451608 买P+口口
0,可可会跳舞ᚠᚠᚠ
1,看姐姐名字家++++丝袜
0,人气高的男主播都土豪
1,ℍ𝕐ℝ382ᛀ盘看.
0,客服记得
0,单秒才1000+
1,﻿KMD253蔚
1,﻿看我茗+Q涩情塽..
1,〈2❍48 78ℨ2〉
1,2952354478+蔻水666666
1,→𝕊ΚΕ597✿✿看毛批.
1,你内裤脱
1,，豬樹坎梶群176534781
0,D练费8000练几年哦
0,7月19日5-00开启付费
0,我要和泡泡比翼双飞(⁄ ⁄•⁄ω⁄•⁄ ⁄)
0,晴晴
1,娟好看 FTA675☎☎
0,打我干什么啊
0,1866
0,这个找客服不知道有没有用
0,屁股疼坐不下
0,18小時自言自語
1,﻿1690 47089+口看
0,昨天晚上突然32万币今天没
1,岛.国.著.名.影.星.名.字
0,蹭人家小卖部的网
1,UCX ─三九 嫩碧ᚰ
0,以前2030万
0,看看点点
0,我靠
1,筘：727688978
0,所以我就用双飞燕
1, 2396 8433寂寞少妇口
1,Ce350.com
1,莎 CC名字麦P在线ᚰ ❤ ❤
1,chou sha bi
0,亲亲美美
1,ｘｅ𝐤４９６ᚰ看盘.
0,看到自己名字了..没中
0,别的小朋友都回家你来接
1,加微83430662  爽片ᚰ
1,兰-麦-饼-伟-心 ＫＵ€５３７
0,看看1051st
0,12名才2.6
0,战争机器：kenshi
0,朋友500w才200
0,中个项链才500w
1,滓2952700242+蔻666666
1,看电影ᚰ
1,难道还玩真空自慰
0,哦哦微笑]
1,𝙮𝙝𝙬583ᚰ看盘
1,需要买网站.盘私聊我.
1,皇盘要的私聊皇盘要的私聊皇盘要的私聊
1,﻿2787 9947 嫩女+口
1,草泥马勒戈壁
1,FS6791篇
1,❀ 𝕏𝘏ℂ593 ❀真好看 .
0,136435966
0,还不是你长的不好看还不是你长
1,妹妹名字++++看沜
1,看CC  束缚+危..
1,网站++买的私聊我00.
1,+企鹅：1-6-6-8-2-9-6-8-1 箹P
0,略過欸
0,夸张没你开玩笑
1,✷ 𝕏𝘏𝕮593 ✷真丝片 .
1,﻿C名黄色
0,星星一闪一闪的有没有
1,佳喂
1,本人号称：各种聊，各种唠，各种纠结各种闹，各种X，各种操，各种姿势要！
0,索楞两口
1,伟BHC979威+
0,❤💦❤💦❤💦❤
0,12点说就要做到姐姐
0,包裹看
1,叫一个公主来伺候
1,塞 29526 Q 77544
1,网站++看名字家我看丝包
1,莉麦偏+威 w2753636
1,www.668.com
1,﻿7747 33332涩逼家口
1,看名字+
0,不存在封号的
0,哦哦摸摸哦哦弄
0,去一邊你就要說小貓貓
1,扫码 扫码 看千哥女儿扫码 扫码 看千哥女儿
0,塌哦
0,老闆不行你手受傷怎麼辦
0,你屁股要开花
0,七月噢
0,兮兮排位
1,买片➕
0,微微和爽爽比谁美
1,14444 54332蔲曰批
1,绿☎☎ＦＴＡ６８９ 麦P
1,2386 3540芸妹+口口[s电到了]
0,AFF191
0,去看山看海徒步的
1,瞪 ＴＡＤ７６５☀☀日批666666
0,要买就买修高的
1,微❤➕wei929379.百万部小电影
0,35万买张F？
1,枝薇 w2753636
1,想射出来
1,﻿1918 555570  籹水奶߇怀
1,﻿冉 FTA675ᚰ麦-拼-威
0,520还没一万块钱
1,露内裤露出
0,老掉线
1,琦-麦-饼-伟-心 ＫＵ€５３７
1,岛 国  片
1,红+C名是威看咪
0,那活该
0,男神！！！！！
1,❤单身❤刺激懂的加我❤
1,𝐩𝕒𝕒495ᚰ唛片.
1,行让大鸡草你逼玩玩
0,11+12合啊ᚠ
1,✿ 𝕏𝘏𝘾593 ✺超好看
1,奶头大
1,想舔你
0,兼职主播和主页两者不可兼得吗？大叔  
0,包子包沙包包
0,8406975
0,他居然色诱你
1,需要买网站盘撸的私聊我.
0,雷200万，，，
0,哦豁，，666666
0,你还未睡為休麼
1,﻿2107 4319 好看加口。
1,黄播平台
1,璟 ＴＲＡ２４５☀☀日批666666
1,v13580999849国产天天更新
1,﻿C-名-字-看-篇
0,美美很美很顺口
0,借口嘛
1,秀  KMD255ᚰ买-P
1,需要买黄篇的老哥私聊我
0,120已经打好ᚠ
0,避避雷
1,8695 33334 粉逼加口
0,靓号怎么来的
1,BM5956看直播大秀，看盘加VVV.
0,好的谢谢你加v
0,你煮面给我吃
0,SKYSKY？
0,嗨小芽儿
1,惠 KTA679 买乒威
0,没了就不穿٩(˃̶͈̀௰˂̶͈́)و
1,61444 4232+口
0,三三零六二七二七九五
1,ᚠ白嫖！妹妹！
0,忙
1,𝐗𝐀𝐂596ᚰ麦片.
0,期待去現場支持妳
0,+30左右体质
0,等不及了
1,迦威 sx111 505，有囊人想要的            Lq
0,老花猫
0,10人口！
1,琳 FTA676 麦-P
1,脱内裤的
0,别开空调
1,𝐓𝐌2971卖云资源 𝐓𝐌2971卖云资源 .𝐓𝐌2971卖云资源 .
0,三三一二五四二一
1,熙 KMD255
0,准备动作 欧！
0,刚刚是不是错一个亿
1,后妈 的 诱惑a1102195422家庭
0,可能告诉你无名的小号
1,看微信高清无码短视频的私聊我！
1,玉 w2753636 麦饼卫星
0,走有事看你表现╭(╯^╰)
1,网站+看姐名字.
0,去拖一下
0,欢迎加入🎀璃沫后宫🎀，群聊号码：835311234
0,尿床
1,兮 FTA678 ᚰ买-P
1,﻿7747 33332美逼加窛。
0,要买篇章？
0,秀娟回家打紫薇啦
0,夫人好
1,你吻一下都会爆射
0,七月十五驚驚
0,选EEEEEEEEEEEEEE
1,秀麦偏+威 w2753636
1,骚货扣逼裸撩薇sno730
1,✿ 𝕏𝘏ℂ593 ✿美美看.
0,染头发
1,﻿64444 0992 炸裂资源+口
0,！国际服，联名
1,UKC127 猛干嫩妹ᚰ
1,家-752753636-企-鹅jj
0,平台看100块刚20万
0,妹妹，，，
1,黛麦饼-喂心 CAD571
0,哦哦哦哦好的吧
0,想要120-130
1,买盘的老哥私聊我哦
0,YYGY
0,摸腿摸腿摸腿摸腿
1,晃奶骚起来
0,七月一条毛你吃你气头上对你
1,75-275-36-36/+企-/鹅0
1,兮麦-拼-威ＫＵＣ２３５
1,х 𝕙 𝕔５９３
1,ΕКХ596看片.
0,寶貝換件衣服嗎
0,你买国产的就ok了 支持国货
1,加微群嘛
0,200CBG 买的成品自己该的书
0,单位上回民不吃回家吃猪肉
1,+口看名爽
0,加油💪阿呆
1,秀 FTA676 麦-P
1,🎁𝘒 𝘛 𝘈 679大家好釮
0,补觉了ᚠᚠ
1,溥☀☀C名加威看
0,你俩是姐妹吗？
1,﻿FTA676﻿买乒
0,都追ᚠ
1,会喷水
1,网址 盘买的私我++ᚰ
1,迦威 sx111 505，有囊人想要的            3g
0,手疼
0,加了wx的
1,﻿2074 9937 需要家口。
1,注意我的名  私我注意我的名  私
1,佳喂：sx111505可越Mp
0,眼一闭520大炮显真心
1,诱惑一下你好美想飞机
0,泰国韩国
0,我擦 干死亡的起飞了ᚠ
1,冉 KMD255(R)]买-P-姐妹
1,家752753636企-鹅0
0,Freeman
0,渡口
1,溥 卫星 KTM657 在线看☀ ☀
0,可能十首歌的時間
1,网站++买的私聊我
0,人类归位无情
1,钓鱼你你裤子脱掉看一下
0,美女口才好溜
1,网址云看姐名字+++
1,加v不后悔ᚠ
1,我有组屁股 要吗
1,轮 29526 Q 77544
1,枵麦饼-喂心 CAD571
1,包月188，各国片都有
0,微微笑
0,七夕狗粮吃够
1,舒+妻子981111490冦
0,AAPE尺码偏大
1,2048 7832咪咪姐+αᚰ
1,佳喂：sx111505可越dT
0,9哦哟
1,我要射你下面洞洞里去
0,呵呵自愉嗨
1,性感撕挖1811 9709 口
1,想摸奶
1,英 T6787Vᚰ纯/洁/P
1,看姐姐名字加0
1,近点舔
0,戴眼镜的男人不可信
0,发张你的自拍照原谅你ᚠᚠᚠ
0,𝐗𝐊Ε
1,枝 KMD255ᚰ买-P-你懂
1,2140 8797看逼家 口
1,💟𝘒 𝘛 𝘈 679大家好靝
1,艳喂心CAD571
1,金色CC2000，要的私聊
0,那些护士医生的😂老熟人了都
0,歌名  STAR SKY
1,佳喂佳喂：sx111505可佳喂：sx111505可越T佳喂：sx111505可越p佳喂：sx
0,嘟嘟嘴
1,ＫＸℂ483ᚰ盘片.
1,盘私聊我
1,姐喂BHC979威ᚰ
1,舒TPK564ᚰ片薇
0,喜欢还不承认
0,❤❤❤👏
1,你多长时间高潮
1,𝐗𝐀𝐂596片
1,沫沫沫沫沫沫沫沫沫沫沫
0,互相体谅一下好
0,哦哦哦    感谢。
0,骚口口？
0,央视点名批评，共青团除名的人
1,秀 FAK256ᚰ 看-电视
0,小蛮腰+100
1,75-275-36-36-企-鹅设ᛀ
0,宿舍WiFi不行
0,怎麼會這麼美的主播
0,這有算過
1,英 FTA677ᚰᚰ
0,呵护
0,要红包美滋滋
0,三生三世!!!!!!!
0,我不穿这么多衣服
1,看片软件PP365
0,好呀
1,收手机网卖的联系
0,你说清楚一次性好刷
0,89带175的666
1,979034390+企鹅
0,阿7。喊我干哈？
1,韵薇𝘒𝘈𝘋534麦饼
1,要黄片的私聊
0,她说，就喜欢你的大
1,网址 盘看姐姐名字++.
1,邪 29526 Q 77544
0,有道理ᚠ
0,谁发红包包包包包包包包包？
0,鹅鹅鹅鹅鹅鹅鹅鹅鹅笑死我了
1,家庭 人 妻 斯挖 a1102195422 口 .
0,别叨叨
0,onleyou哦哦哦。
1,Y W 90069+喂++潘塔
0,成王败寇，扣人心弦，先发制人
0,我一个月就4000+
label,text
1,涩^女^流^水联系QQ:3112106724男
0,请不知所起一往情深
0,不不不，我还是自己想办法吧。。麻痹的，你变着法占我便宜
1,ＫＸℂ４８３ᚰ盘片
0,520几百万一会点完
1,澽☎☎ＦＴＡ６８９ 麦P
0,168整一组
1,秋 w2753636 麦饼卫星
1,群聊真人现场全倮马上开车威信qw42573
1,网址++++买的私聊网址++++买的私聊
0,12点
1,﻿C名买P-
1,2591 1478 逼口
0,拉霸拉霸拉霸拉霸拉霸拉霸拉霸拉霸
0,哦哦耶哦耶哦耶，一阵抽搐
0,BB8500买的两只
0,直接调教一下。
0,明明149偏偏说150
0,三生三世的缘份
0,不好七夕狗粮吃
1,影 FAK256ᚰ 看-电视
1,黄网2块加我。
0,7D5F8DA3166AA2DD 7D604F56A2CFAAF6  7D63161EA6057D06
0,来，刺激
1,我敢说  我说少妇直播间的时候 你已经知道我是谁了
0,哥，瞧瞧芙蓉
0,电脑版看不见人像
0,惹妳生氣嗎
0,偶尔上一次
1,若-麦-饼-伟-心 ＫＵ€５３７
1,ぶきのになウぁワ鱑鳝値噃+嶶360752391
0,感觉肯定好
1,﻿1967←QQ→4651 懂得加樉
1,卖盘卖盘。
0,172  174  175
1,要片的私我
0,好的明白啦~
1,琳喂心CAD571
1,Η𝕐ℝ382ᛀ来看.
0,很貴相機
0,你气死我了
1,﻿蔻1255 4971 少腹
1,看看1051，卖不卖？看看1051，卖不卖？
0,平台说你太懒个性签名没留
1,可曰伽徽：LYG11223305小哥哥 曰 嘛7d
1,﻿在线看哦.+名.是Q哦...
1,漙 29526 Q 77544
0,跑一枪200倍的
0,主播自创出手最快是用哪三个动作合的
1,姐姐我要你飞机好求你
1,每次看妳都一定會自慰射45次
0,来首fightsong
0,主播扣扣粉丝群981513137
1,希-黄色-CC-名字
1,𝐄𝐊𝐗596售片
1,免费看片加我
0,妳這樣誘惑這吃貨好嗎
0,下个赛季我想回舞女榜(￣∇￣)
1,安 FTA676 麦-P卫心
1,加v落聊？
1,需要买黄私聊我
1,﻿2074 9937 狂野妹子加口
1,伊 157 5176 4994 ❤❤❤
1,另娶从良🐔   不要出轨妻
0,我喝咖啡☕️
0,对咩李11莫噢
0,hhhhhhhh对
0,hhh 威胁
0,皮皮
0,走走走看PK
0,妳趕快去休息
1,﻿+C名看P，是威哦❤ ❤
0,白痴问的
0,不是的开玩笑的不好意思
0,权限不够
1,啰疗撕播mke344
1,伽威咯 sx111505 笨人自筘 领                 uh
0,50左右双加。国标
1,不要碧莲...
1,我日你嘛
1,一言不合就卧槽😂😂😂
0,各个国家  有各个国家的国歌
0,吐我干嘛ᚠ
0,123qwe...
1,迦威 sx111 505，有囊人想要的             Wy
0,省④
0,可人谈恋爱
1,妹妹名字++++为看沜
0,去休息一下
0,刚刚吃两个卤鸡脚
1,.𝙋𝕒𝕒495ᚰ麦片
0,3000左右
1,歹 29526 Q 77544
1,75275 3636 看逼家口.
0,你忍心让一个大学生还在兼职的给你送皮肤(*´◐∀◐`*)
1,再报全名干你
0,目的是看你ᚠᚠᚠ
0,嗨你好美女
1,看姐姐名字++++看沜
1,www.420ww.com网址，18禁
0,一万零20yb
0,既然要追求刺激，不如就贯彻到底
0,昨天晚上播起几点下的
1,卖片的加微13469832292
1,0看姐姐名字夹封号包换ᛀ
1,扣子解开一个
0,人速一直掉
0,400-500.
0,坐等200块钱 进口段
0,5200左右
0,偶尔上225w
0,监控看直播ᚠ
0,用100寿命换个秒 5000+ᚠ
0,好运气
1,2218439086+++口
0,放电梯口
1,杕麦饼-喂心 CAD571
1,加徽yee891私播不穿衣服
1,看偏想买私聊我哦
1,交 29526 Q 77544
1,𝐓𝐌2971卖云资源.
0,刚好玉见你
0,沫沫只卖艺不卖身的
1,伊 KMD255ᚰ 国妹亮妹微
1,𝓽𝓶2971卖云资源..
0,28万左右
0,ctrl+左机
1,2218439086+口口
0,上次刷一朵500
0,我要去刺激萌萌
0,好主播直播睡觉
1,卖盘，1342579463162754
0,ᚠ我就是
1,然-喂心 C₳D571
1,𝓼𝓽４４４２卖云资源
1,熙 29521 91783乞儿
1,大 一 pao
1,妹妹苋玚筘淔譒惹溦ccЗ4З68
1,簧片网
1,𝕩𝐞𝙠４９６ᚰ两性
0,昨天晚上不能说话
1,巧 157 5176 4994 ❤
1,兮 FTA676❤❤麦-P
0,打噴嚏太愛哈哈哈哈哈哈
0,哦哦哦~~想补哇这是？ᚠ
1,兮 29521 91783+口-看
1,后 妈 的 诱 惑a1102 195422家 庭 人 妻
0,去現場看看
0,507432422加吧
0,哦哦哦听的怪怪的
1,惨 w2753636 麦饼卫星
0,4+1就是怪难度简单一点，抓鬼收益不减百分之十
0,我可以取关你🐎
1,轩 29521 91783+口
0,現在擦口紅不就要洗掉
1,2787 9947 美妇+口
0,你还武汉
0,诱惑
1, 2488 5608寂寞少妇口
1,英 157 5176 4994 ❤
0,坐好
1,﻿UKX735足美
1,加企鹅群→八八妖妻五妻陆
0,讓睡覺主播
0,经验存够别人想买129直接卖人家
0,八百斤妹妹名不虚传
1,大尺度直播加微rrrrrren
1,贞麦偏+威 w2753636
1,迦威 sx111 505，有囊人想要的             2Z
1,+：BM1111BC曰批 6666丝i爽
0,木兮兮木兮兮
0,无聊，，，
1,
0,SHOU ME THE MONEY
0,不说话好无聊
1,﻿+C名看P，是威哦
0,你不说生日我还忘了我交了个女朋友也是六月十一号生日
1,晢 KTM657 ᚰ靓妹
0,反正就是僵尸胜利ᚠ
0,不你帮登试下看能不能号所有房间都退
1,收91网址有的私
1,2048 7832抠避ᚰ
1,云兮妹妹好ᚰ
0,你知道想你
0,看看盘丝属性
1,俞 29526 Q 77544
0,好狠ᚠ
1,快 ＴＲＡ２４５☀☀日批666666
0,影孑° 2019/7/21 星期日 10:44:51这个经验能加点钱吧 
0,放一首星月神话
1, 2488 5608寂寞少付口。
0,讓考慮一下
0,我们悄咪咪的，不要说出来
1,皇色要的私聊.
0,神器美滋滋
1,﻿19007 77720+蔲曰666666
0,哦哦好的若璃
0,被虐爽了呗
1,看姐姐名字网址 盘++
0,每日乞讨
0,你一句春不暖
1,2218439086+++口+口.
0,说蜜桃成熟时有人回去采
0,干嘛不答应
1,买黄篇哥哥私聊
1,﻿2074 9937 肉人妻家口
1,纵 KTM657 买-拼
1,w呜呜呜呜呜呜呜呜无无无无无无无无无无无
1,篇-加-企-鹅9145 33334ᚰ
0,百家姓排名71位
1,helloniceboobs
0,果冻，果冻，果冻。
0,153-6322-7777
0,只要是金，除了动作以外都跟我无缘
1,免费看片，加我，
1,Η𝐘𝐑382ᛀ盘看.
0,127969248  .
0,人生一杯茶不会苦一辈子
0,泰国口音
1,she你嘴里面
0,99999纯金傻屌
1,最新皇资源买的哥哥私聊我
1,KS 90096+我+
1,韵好看 FTA675☎☎
0,我卖，200会费，包月入200以上
1,zuoai
1,﻿9787 98907+口口看.
1,PQZC PQ DPZ
0,白云妹妹看看我
0,今天晚上有寇岛
1,若麦-饼46837(Q)1072
1,752753636++ᛀ
1,冉 29526 Q 77544
1,2744 7053 籹水奶🇶.
0,2+1   3+2   4+3.....
1,﻿2460223456+蔲曰批666666
0,玩的好刺激ᚠ
0,我的天  姐妹 你口味真重
1,买片嘛2块一部
0,5种口味
0,吃屎吧你
0,100万...
1,葩 29526 Q 77544
1,洁麦饼-喂心 CAD571
1,看P+徽 KXN488
1,韵薇 CAD534 黄色
1,网站盘需要买的私聊我
1,需要皇.的私聊我
1,想看黄播
1,老哥们..想要买盘的私聊我0
1,网站+沜++买的私聊0
0,花10万卖2万 花50万卖10万
0,房東的貓
1,名字+++围i爽+
0,我不要面子的🐎
0,好了，老泪的屁股已被鲸歌给打肿了，用无人机打老泪的嘴，老泪，已死亡
0,喇爸聲音壞
1,﻿加我，看名..
0,豌豆口吻
0,哦呦哦呦  对面小姐姐
0,做主播其实一种娱乐
1,你箬不离便不弃和妹㈠Q㈠玩Q:⒉0⒐1⒐2⒏⒌3⒊
1,※𝙎 𝙆 𝙀 5 9 7 ※盘.
1,要片m我
1,需要买网站盘的私聊ᚰ
0,1 38哦
0,THE SALTWATER ROOM
1,CC1777-染
0,人美歌声美
1,FS6791妹
1,﻿64444 0992 镶碧+口。
1,邳 29526 Q 77544
1,UCK 169 爆日嫩碧ᚰUCK 169 爆日嫩碧ᚰ
1,美女想你操逼
1,佳喂：sx111505可越qY
0,她也只喜欢重口味😂
0,老阿姨
0,我曾经为了一个相恋了4年的女生去打他后面的男朋友
0,1个奶+4个大唐
0,你知道上的不
1,卖组29夜叉，有意的看名字加我看
1,妍鹅351144829
0,妳這裡較精彩
1,网站-家-企-鹅752753636看-黄-
1,﻿染 157 5176 4994 ❤❤❤
1,安微 FAK256ᚰ 看-电视
1,ℚ ─5四2 7049
1,冉-伟心 ＫＵＣ５３７
1,爷们先走一步
1,91网址，需要联系，，
0,都是很着屁股跑
0,萨顶顶
0,去直播
0,这个还好，刺激战场基本都是伏地游戏ᚠ
1,快 CC-名字-看拼ᚰ
1,看看视频422356258
0,比较喜欢短发的女生
0,爱好
0,游戏名：KillSquad
0,七月天天对不好
1,想做爱怎么办😂
1,君KMD255ᚰᚰ
1,澽 KTM657ᚰ好看
0,鹅鹅鹅鹅鹅鹅鹅？
1,荔买P，加乞鹅 29534 51608
1,抠16274251曰批 666666
0,我要送一个小铃铛小小的礼物耶
1,淑 FTA676❤❤ 买-P
0,hhhh惊魂
1,𝕊𝕂𝔼597➣➣买盘.
1,皇色买的老哥私我.00
1,隔壁美丽的不伦人妻.aviXXXの未亡人
1,𝕏𝘏𝘾593卖盘
0,主播穿多大码的
0,买不到买不到买不到
1,С6889Ｄ新资 园..
0,C不倒 陪你到老ᚠ
0,个性签名真实
0,300块钱买的ᚠᚠ
0,頂多高速公路比較近
1,喂 Y W 90069看偏家喂0
0,无线电一吸引雷电、
0,几百万想多了也就100+W
1,你国家主席翻译
1,𝐍𝐎𝐐４４４６卖云资源
0,認真的女人最可愛
0,可能惯左公司部门开会部门的回避
1,퐊퐂퐕９９７ 好看☎☎
1,洁好看 FTA675 ☎☎☎☎☎☎
0,5880-4040-980-128-368
0,才比我大12岁ᚠᚠ
0,去外套
0,这他么69比150还激情啊
1,﻿2074 9937 懂得家口
1,溥☎☎ＦＴＡ６８９ 在线看
0,去针灸(023841)(
0,我需要捐款买手机ᚠᚠᚠ
0,几个人建个部落 是不是sb
1,ＫС４００７Ｃ乱插666666
0,今天的直播会传录像🐎
0,ᚠ等主播测试
0,七点1点
0,育碧中枪
1,𝘍𝘛𝘈677ᚰ好看在线
0,三星电子科技
1,看网址的看名
1,姐姐摄 BHC979 威
1,《2◎48 782》无码ᚰ
0,微信，收，款，码
0,天天都需要ni爱
1,2744 7053看逼伽🐧
0,一百个签一个解释牌丢抽到
1,﻿各种姿势家口 61444 4232
1,不用打电话 +这个就行
0,我是个生活白痴
1,佳喂佳喂：sx111505可越Ho：sx111505可越5S
0,三星包装盒送了个 typc 转 usbA的小头子
0,人民币
0,雪无大，！！！
1,巧-麦-饼-伟-心 ＫＵ€５３７
0,不知道下午还好的
1,ＸＥ𝐊４９６盘片
1,1506 4775蔲曰批.
1,国产+Q1444342229
1,名字要片吗，免费给你
1,看妹妹名字+++++沜
0,哟哟哟哟哟哟哟
0,哦，沐兮
0,7879，佳丽
1,需要买网站盘的私聊我便宜
1,C₳DD17无马微
0,全鸡
1,伊 FTA678 卖盘伽威ᚰ
1,冉 KMD255ᚰ买-P-你懂
1,妹吸奶 19476 71973
1,你不穿文胸罩
1,𝘒𝘔𝘋252 ᚰ买-P-威
0,不是门卫🐎
1,网盘姐 BHC979 威
0,考研我们的眼力
1,珠 29521 91783+口
0,天台爱情会有结局吗 
1,需要资源看CC名字加扣
0,每天都很漂亮
1,EK𝐗596买片看这
1,网址 盘看姐名字++
0,AA158_158
1,✺𝐒𝐊 Ε５９７✺☛☛盘.
1,家-企-鹅-752753636-网红摄了0
0,5555  33
0,偶尔卡一下
0,动作超级帅
0,人不是机器人岑溪你手机号
0,哦哦哦哦哦是啊
0,有内裤。不(;｀O´)o穿裤没事ᚠ
1,毓喂心CAD571
0,营口的
0,前置摄像头看看美腿[cx大笑脸]
0,1點了先睡囉晚安
1,秀 T6787V 纯情
1,UXC119狂日乱射ᚰ
1,后庭开花14444 Q 54332
1,潜 29526 Q 77544
1,网站盘私聊看我名字++
1,奶头硬
1,熇麦饼-喂心 CAD571
0,跟靓仔周游世界，还挺浪漫的
1,.姐名字++喂来爽ᚰ姐名字++
0,你监视我
0,嗨美人
0,五个号6000三界，每个可换咸鱼200+﹉
1,看 ？片+ v  算了不想 卖了
0,ᚠ哦哦哦，我听见了
1,姐名字++喂来爽ᚰ
1,淑 158 7996 2374 ❤
0,反正你喜不喜欢你美米我心目中无人
1,我感觉好热，就脱光了
1,莲 29526 Q 77544
1,0网站+沜+买的私聊我
1,估计这把又要射了
0,几个紫水晶+SV
0,灵哦，灵哦，灵哦灵哦灵哦
0,亲爱的主播起床
0,果果冲
1,炯 ＴＲＡ２４５日批666666
1,缇 KTM657 ᚰ靓妹
0,今天全是 3+2   3+3  最多出3技能
1,都鸡巴不抱输出
0,最近好多招财270+都是3000左右
1,﻿看名字加扣
0,5WD加点需要加血吗？
0,100块包媳妇
0,求高图
1,徽♥LYG11223305
1,伽徽：sx111505可聊可约qq
1,需要买网站.盘私聊我
1,Н𝐑𝕐382ᛀ买盘.+
1,卿 29526 Q 77544
0,想加VX群，私信主播
0,来首星月神话等会儿
1,9797sesecomsese.com
1,你是个臭粑粑
0,好滴
0,我便到了真江南
0,带我❤❤
0,[哦]
1,纵KTM657
1,迦威 sx111 505，有囊人想要的            qz
0,哦哦哦 老区没意思
1,舒+人妻971111490摳
0,哦。妹纸
1,𝘒 𝘛 𝘈 679鸽
1,需要a片加微信w48824
1,CCCCCCCCCCCCCCCCCCCCC
0,请你吃你不吃晚饭
0,朋友都去做模特品牌一场走秀400
0,人生难得一知己你会的找的
0,我要喝🐱💩咖啡
1,韵喂心CAD571
1,婕 w2753636 麦饼卫星
1,远  KUC539 麦-拼薇
1,名字++围++沜爽
1,﻿9790 34390+口口看
0,睡什么睡
0,荔枝，荔枝，荔枝
1,456456456456+
0,拜拜明天来看你
0,你还好
1,卖片的 我要买片
0,不真的没人你自言自语
0,妹妹。我改名字了。你瞧瞧ᚠᚠᚠ
1,篇资源和我买哦
1,篇买的私聊我
1,✺𝐒𝐊 Ε５９７✺☛☛盘
0,收到ᚠ
1,加我，加我
1,买黄资源的老哥私聊我
1,豬樹坎梶群176534781豬樹坎梶群176534781豬樹坎梶群176534781豬樹坎梶群176534781豬樹坎梶群176534781
0,这名字6666666
1,佳喂：sx111505可越Pu
0,ᚠ 拜拜
1,﻿溷 +CC名.是威，看大咪咪
0,可能會去你說的地方看看
0,跑車一台5w10台差不多一掃船
1,﻿84444 1062 哨夫+口.
1,佳喂：sx111505可越rW
1,熙 TDA775 ᚰ买P-靓妹
0,稍等哦麟
0,我们08区大咖就是有钱不怕 😂
0,去星月看猴子的
0,无相    有附魔》》》》》
0,买买coach算了
0,匹配🐎？
1,性交
1,影 KMD252 老板-买-拼-微
0,特别的爱给特别的你
0,。。。看我口型
1,﻿看逼家2124 1836 口。
0,中国局域网
0,加啦加啦 你加我
0,不会任何人改变
0,4+6出10JN?
0,出ccccccccccccc
0,777谁改的名字？？
0,放嗨点的音乐
0,要125左右
0,05买9眼 15买3眼
0,我就觉得我和我的小姐妹不该答应陪个四阶一的打😂
0,周口？
1,冉 KMD255(R)]买-P-好看
0,晴大夜
1,莉 158 7996 2374 ❤
1,𝘒 𝘛 𝘈 679大家好庼
0,老龚爱上颖包衷心祝福
1,迦威 sx111 505，有囊人想要的   mP
0,伤心(ಥ_ಥ)
1,UCK 169微美丝ᚰ .
1,晗 29521 91783+口
0,去一个520你想
0,8000万收高必高偷
1,以前h椒好像一个色qing直播
1,𝐇𝕌𝐗457ᚰ超好看.𝐇𝕌𝐗457ᚰ超好看
0,你是不是还有别的工作这个只是兼职
1,草你逼玩玩好舒服
0,去中国好声音
1,欲火浑身
0,手残了
0,妳真係所見之中最美丽的一个宝宝
1,需要的-家-752753636家-企-鹅0
1,舒2953451608 麦偏口口
1,网站752753636家-鹅
1,特产鹿茸鹿血
0,你去吃饭你不去
0,感觉买家秀和卖家秀的区别
0,平台拒绝绿色直播
0,牌子  出手ᚠ
1,名字++围沜++
0,做饭
0,专业带人起飞，稳稳稳，++++++++ᚠ
1,﻿染 FTA676 麦-P微
0,莫得事我还有很多姐妹(✪▽✪)
1,都袒胸露乳的
1,小姐姐在线萝撩＋徽MGC1222
1,微信裸聊
1,落 29521 91783乞儿
1,：WWW.GEGEJB65.COM
1,离  KTM657 ᚰ看
0,你直播身份证开的直播美女
0,寂寞梦在线乞求
0,无色人种至高无上
0,等待哥哥威武ᚠ
1,美女微
1,罩杯多大
0,脸白红
0,迷幻妖跟 懦弱妖直接 alt+a两次 可以直接战斗
0,黑袍  碧瑶
0,哦哦 想到了
0,作为父母 你妈的行为可以理解
0,你这个修炼是怎么秒1200+的
1,伽韦 sx111505 珂视频箹   Ku
1,看不∞穿衣加QQ2961∞617102
1,看名称加我看资源.
1,晗 CC-名字-看-电视ᚰ
1,潜 +CC名，麦Pᚰ
0,哦哦哦 路人
1,求看片微信
1,卿 CC-名字-看拼ᚰ
0,琴心粉丝牌的名字........
1,92EASY.TAOBAO.COM
0,骚厉害这人太认真聊不了
1,盘！懂的加加我
0,cc群：2413701 qq群：684424991
0,CCTV 1 直播
0,微博一个，wx一个，q一个，手机号一个
1,www.163.con
1,﻿C9667D 猛干资源.
0,可惜不会外星球的语言
1,要不要加我cc好友ᚠᚠ
0,对不能你跑咯
1,2247 1419Q芸美.
1,伽韦 sx111505 珂视频箹                 SI
1,斐 KTM657 ᚰ靓妹
0,高冥思  避雷
0,绿小兰ᚠ
0,成功吃了三碗ᚠ
1,兰喂心CAD571
1,兮 157 5176 4994 ❤❤❤
1,有需要押镖的吗，企鹅38494401
0,还去过上海考了
1,佳喂：sx111505可越sw
0,看看我家闺女的直播
1,漯◆聊加Q1265522423
1,佳喂：sx111505可越7h
0,不用说小混蛋了😂
1,微。卖片的私聊我
1,大尺度直播hyjz68688
1,还有卖片的啊！需要网址的兄弟们加我
0,妳真的很討厭
0,多尔衮你截图我干嘛……
1,澽+C名是威看咪
0,需要健康码
0,哦哟恭喜呐
1,迦威 sx111 505，有囊人想要的                 vr
1,﻿2386 3540 芸妹加口口
1,家 庭 人 妻 斯挖 a110219542 2 口
1,伊 157 5176 4994 信
0,我不是泡芙
1,看、妹、妹、秀、腂、关、注
0,2.45 2.47 2.49
0,口口瓦鲁多
1,美女舔你屁眼
0,ᚠ你就没有母亲姐妹的/
1,8695 33334 加口口看芸
0,6000-7000左右
1,.2◉48 7832姐日ᚰ
0,缺哥要求好高哦
0,哦哦 市里的
1,塞 FTA689☎☎☎
0,1500W左右 区里
0,你会唱爱上你的好天气
1,﻿C9667D 看-P-威.
1,麦片的加q
1,﻿7747 33332曰逼加窛
1,下面感覺有裝跳蛋表情好棒
1,妹妹苋畼qw筘水直播十媺号cЗ4З68
0,还真的无赖
0,欢迎加入小鲤鱼的家人❤❤❤，群聊号码761777381
0,舍弃
1,丝袜洗白白.看姐姐名字家我看
0,讓靜靜
0,一定爱你爱花儿开鸟儿歌唱
1,资源 12 5656 8844 口扣
1,UKC136 芸妹ᚰ
0,不要走决战天亮
0,SAV牛逼 SAV加油ᚠSAV牛逼 SAV加油ᚠSAV牛逼 SAV加油
0,1.8+2.7+.12.2
0,钉子拔出来割绳子
0,一般看到就跑，说那么多
0,刺激战场当年才好
0,这是什么造型
1,MC233.CN
1,网站盘++看姐名字
1,口 2577 97316 籹水奶
1,﻿2074 9937 暴力狂野+口
0,哎呦喂。小清新ᚰ
1,亲你空余时间做兼职相信网络赚钱会淘宝每天50-100日结想了解的加QQ14538000
0,静静豆豆去
0,人气上去
1,﻿16274251+蔲曰批 666666.
0,女孩子的手那么嫩
0,别听他的
0,五万红包红包
0,主播帅老公认识
0,450万 100块
0,按摩眼睛👀👀👀
0,那么这期能过审🐎
1,看篇+大薇R4044R看篇+大薇R4044R
0,老坑看看中国电视史，挺好笑的
1,又是我的猛男♂时间
1,谁看片  高清的  不用缓存
1,湎 29526 Q 77544
0,半帘幽梦半帘玉漏最相思花语玲珑
0,小埋好漂亮哦ᚰᚰ
1,韵2953451608 麦偏口口
1,舌尖搅拌你鲍鱼
1,佳喂：sx111505可越zF
1,﻿若 KMD252  买-P-微
1,块 KTM657 ᚰ亮女
0,阿猫屁股活很好的
1,买皇资源私聊我
1,75275+3636+我的名字家啊
1,蕊蕊蕊蕊蕊蕊蕊蕊蕊蕊蕊蕊
0,去星月看看
1,都湿身
0,520换500
0,我名字 我名字
0,不愧为小骚骚
0,你加主播的告诉支持你
1,冰 w2753636 麦饼卫星
1,啪啪啪视频
0,斗地主厉害
0,别叽叽歪歪的
0,Shen
1,𝘍𝘛𝘈677ᚰ
0,出来看刺激
0,黑色的果冻
0,140 140 135 56 8
0,蘇威蘇威
0,对了母猪
0,妳這死錢
0,哦哦，我5开
1,兢 29526 Q 77544
0,你没有13级牌牌以前，只有我和咖喱宝贝ᚠᚠ
0,你去吃额去做饭
1,KUC69８
1,+口看1967 4651
1,+V
0,魔王我们商量着买吧 琥珀
1,佳喂：sx111505可越td
0,卍
1,UKC 九─七 薇美腿ᚰUKC 九─七 薇美腿[s
1,喂 BHC979 威[s电到了]
1,国语  企 鹅2068875241 丝 足
1,579438474欢迎加入扁桃14群1
1,秀  KUC539 麦饼薇
1,韵薇 CAD534 麦饼
1,看姐姐名字加私聊我
0,请不要笑哈
1,UKX735加芸
0,你在五排🐎
1,让他脱内裤
1,皇色买的老哥私我0皇色买的老哥私我
0,谁约你去拍写真了？ᛐᛐᛐᛐ
0,4X一下包括4X 15分钟内结束
1,勤 FTA676 麦-P
0,字模糊..........
1,国产涩视频企饿+228814820
0,DT要改啦貌似
0,你是这条该，最靓的仔
0,都不想说你是那个靓仔
1,需要买黄篇的哥哥私聊我高清午马
1,网址++++买的私聊.
1,巧鹅351144829
0,看电视一会下播信息我要看纹身
1,伽筘筘：2伽筘筘：2575 21 060可聊可约  HP575 21 060可聊可约  2Y
0,瞧瞧人家嗯的
0,好漂亮哦！
0,文明开车
1,尝到过性玩弄性刺激性快感滋味
1,圃 KTM657 ᚰ亮女
0,前陣子吃1顆200的水蜜桃
1,好像看到奶头
0,武器炼化+4连击次数有用？龙族，主播
0,😍😍😍
1,安 ₭MD255微ᚰ
1,买盘的老哥私聊我
0,现在有+12白银+13黄金和2个+7黄金(ಥ_ಥ)
1,需要看偏的老哥私聊我00.
1,漏xiong1万
1,75+275 3636 看逼家口.
1,我是从内：：：涵：：：段：：：子看到的
1,看小妹名字++++看小妹名字+++++
0,都快疯了
1,2048 7832爆笔+αᚰ
0,仙器1650万。。。
1,𝔲𝙮𝔪６９3卖片
1,要片的加914578730。
0,除了两个3+2
0,哦，荔枝
1,﻿7747 33332舔逼加窛
1,焯 ＴＲＡ２４５☀☀日批666666
1,要看片的加v
1,影2953451608 麦偏口口
1,KUC698国嫩女
0,来首生命之枪嗨一下
1,UXC119妹妹篇ᚰ
1,UKC127 猛干妹子ᚰ
1,5块卖咏玖网站
1,牢☎☎+CC名.看P.是威哦。刺激
0,3加1加1
1,娟 158 7996 2374 ❤
0,199274236。
0,请你吃晚饭你不吃
0,无情嘲笑hhhhh
0,嗨美女早
0,嗨泥娃我們見面
1,你的奶头小小粉红色的嫩嫩的是不是看是不是梦里见
0,你直播不是不直播不是
0,买Pro
0,人机处处有惊喜
1,贤 KTM657ᚰ男人-最爱
0,爆表的颜值下隐藏一个狂野的心
0,17岁真的十岁岁没骗你
0,2口
1,明天去看mo奶节
0,不到管理组申请调离，他们会让离职再去北京应聘，公司规定离职在应聘，一年之内只能做兼职
1,UXC119 爆日嫩碧ᚰ
1,qq3208313172
1,75-275--36-36+企-鹅.
1,.YK7449++.
1,20卖看篇神器v，13883266947.
0,o(一︿一+)o公开处刑了
0,嘿嘿 闹着玩呢ᚠ
1,溥+CC.名字，是威，大波波
1,8695 33334网盘妹ᚰ
1,❤网占打开：110k.cc，身才火辣，氺哆哆❤网占打开：110k.cc，身才火辣，氺哆哆❤UC打开：110k.cc，自己准备卫生纸❤UC打开：110k.cc，自己准备卫生纸
1,够 FTA689☎☎☎
0,"7,8名"
1,懁麦饼-喂心 CAD571
0,小桥 流水 人家
1,卖片丝全家
0,朋友报社干工作挺不错的
0,让我干个快活活 一个月2千我都不玩梦幻
1,jiao 佩 吗
0,每一句最后两个字 换成刺青嗎
0,你直播多久二黑
0,s怂了我草
1,你妹妹睡你老公
0,欢迎靓仔鸭
1,网站盘买的私聊ᚰ0
0,宝贝你太识男人心宝贝哒
0,靓仔，快去睡觉
0,昨天晚上看汪峰演唱会去
1,黑丝呦
0,打巅峰的加我
0,为情所伤
1,网站+沜++买的老哥私
0,妳對我們好一點
0,它出的什么都是可弄可以不弄啊ᚠ
0,任何一个用户可以上传原创内容的网站、App、直播平台等载体，就是UGC产品。因为内容是网民自主上传，所以存在着各种各样的运营风险。
1,礼物走起抠群1403155开车
1,你真让人🤮
0,某知名主播直播各服务器乞讨，日入200万
0,可能大家躺著看懶得說話
1,看姐姐名字家买篇看
0,堪比DJ
1,露点乳晕看
0,伊琳要有伊琳的亚子
1,妹妹丝袜给扯看名字家0.ᚰ
1,篇加企鹅 .2048 7832
1,禔 ＴＲＡ２４５☀☀日批666666
0,稍微偏下看
1,伽威 lyg11223305 笨人自卫 箹 I9
0,起来八卦呀ᚠᚠ
1,佳喂：sx111505可越BE
1,手机APP免费看，还买晕盘？
1,75-275-36-36-企-鹅-摄
0,看网线看人
1,看姐姐名字+++++沜
0,我173不穿鞋
1,沓 ＴＡＤ７６５☀☀日批666666
0,哦哦，理解了，
1,私播看妹光聊加威辛saom687
1,资源资源资源，看微
1,2218439086+口+口看视频哦
1,﻿主播你做爱
0,被人家美貌惊艳
1,特价抽奖40元100次限时活动 错过后悔 加主播屏幕下方WX:suhongwu5188
0,看看人家摊位名字
0,秀色可餐有意思
0,青青.
0,屌.
0,朋友带我去
1,UCX 139 日爆妹妹ᚰUCX 139 日爆妹妹ᚰ
1,luo聊＋徽MGC1222
1,华 29521 91783+口
0,是不是你的账号冻结
1,君喂心CAD571
1,老公出差一个人好无聊敢陪加Q1804925973
1,迦威 sx111 505，有囊人想要的                 oz
1,妹名字夹丝袜洗白白了
0,去約會嗎還化妝
0,有ALT+Q啊
0,又在聊大屌萌妹
1,1537 3608+看ᚰ
1,啦啦啦啦啦啦啦啦啦啦啦啦啦啦啦啦啦啦啦啦啦啦啦啦啦啦啦啦啦啦啦
1,兮好看 FTA675☎☎
0,约美人不自拍了哈哈哈哈(ಡωಡ)hiahiahia
0,兮兮晚安哦
0,碧绿碧绿
0,朋友帮个忙开个号
0,主播我爱你知道我爱你回答
1,XXXXXXXXXXXXXXXXXXXXXXXXXXXXXXXXXXXXXXXXXXXXXXXXXXXXXXXXXXXXXXXXXXXXXXXXXXXXXXXXXXXXXXXXXX
0,番茄爸爸，帮我报仇ᚠ
1,因為才能看到美腿
0,啪啪啪▁▂▃▄▅▆左闪闪右闪闪▇▆▅▄▃/拍手/
0,手机无法私聊 主播麻烦私聊我下
0,上号
0,问他没回消息
1,开砗裙：1745454033
0,可怕的沉默
1,果聊ᚰ
0,你还喜欢男人抽烟不喜欢男人抽烟
0,733608ᚠ
0,老不能说话
0,懂了。
1,─5四2 7049紫苑抠
0,全民k歌里歌有200
0,好烦。
1,|8#嶶
0,来首星月神话花儿
1,伊 KMD255ᚰ纯/洁
1,影 29526 Q 77544
0,亲爱的我爱你
1,𝘒𝘜𝘊763卖-P-徽
1,﻿溷 ＴＲＡ２４５☀☀日批666666
0,47名咯
0,一般小混蛋都叫别人小混蛋ᛐ
0,3个医生动作一样
0,请认真解说小绿🐎ᚠ
1,可约伽徽：sx111505zq
1,看看人家懂不懂。
1,看片，wen573  3 0  52
0,名字家
1,羽 KMD253ᚰ 买拼看这里
0,我现在有那个目标了
0,别说播别的平台会封号
0,邮寄个内裤给我，没穿的了ᚠ
1,﻿看名+口慡 看名+口慡
0,燕子去了，有再来的时候；杨柳枯了，有再青的时候；桃花谢了，有再开的时候。但是，聪明的，你告诉我，我们的日子为什么一去不复返呢？
0,160才中一个真的有点黑
0,好久都没中
1,佳叩 2 5752106佳叩 2 5752106 0 可箹 嫩的很
1,2074 9707美女╬αᚰ 2074 9707美女╬αᚰ
0,可能有延遲
1,坐起来看奶
0,相信自己 哦哦哦哦哦~~
0,人生最开心莫过于吃
0,需要联系我
0,嗨亲爱的
0,ᚠ不洗澡就按摩
1,妞寂寞找男人坐愛q23223‘18566
0,朋友带我去说眼睛没问题
1,看片请到cc90096找老姚
1,絮麦饼-喂心 CAD571
0,电臀熙熙  要加油哦
1,腼 29526 Q 77544
1,v犄C-名字-麦-饼
0,包包好贵
0,還能什麼報恩
0,去約會小鮮肉
1,1佰=8Зw币要购找930744966
0,七月不要嚇
1,嘉 w2753636 麦饼卫星
0,前一天晚上喊到KTV喝
0,狂淹口水
0,🙄🙄看我看令令（傻屌）的眼神
0,有没有假装上椅的动作哈哈哈
1,要网站加我
0,ᚠ柯受良的
0,胖美女你好
1,苛 ＴＡＤ７６５☀☀日批666666
1,𝕩𝐞𝙠４９６ᚰ爱看盘
1,潜+C名是威看咪
1,𝔲 𝙮 𝔪６９３ᚰ盘片
0,护士姐姐给你打屁股针
1,UKC917薇ᚰ
1,卖片卖片的
0,感谢帅哥的红包
1,微信QQ红包1755623854Q
1,想看贾扣扣  算 计算器
0,1对1
0,芒果 芒果 芒果 芒果 芒果
1,麦片麦片ᚠ
0,各种颜色各种花色
1,佳QQ：166829681 luo聊1d
1,麦片麦片1张3块3张10块
0,看你杀就是刺激
0,各买各的
0,10人口才成型
1,﻿染麦-饼-薇ＫＵＣ２３
1,卖网，要的加
0,这么猛的么
1,vx私聊抖ᚰᚰ
0,呦呦呦呦呦
0,你看让你装完了  我装啥靓仔
0,墨墨，下次看我打一条，怎么走位怎么风骚
1,有没有卖片的加微505761992
1,﻿冉 FTA675ᚰ
0,去小星球
0,去中三个500的点背
0,狼人殺
0,760武器700块左右
0,我也是。关系太熟不好下手。都得跑别的班搞对象去。
0,人们都买九原青山的房
1,加妞q203ˉ635ˇ9430
1,需要皇的私聊
1,舒 157 5176 4994 ❤
0,凄凉
1,裸辽比上床恶心
0,口糊
1,慧 29526 Q 77544
0,23：21：36的
0,SQUW8-HBR
0,人善天不欺
1,微信扫码2万
0,嗷码
1,↖戳美腿大姐胱в激情
1,罗博，免费视频扣2687650849罗博，免费视频扣2687650849罗博，免费视频扣2687650849罗博，免费视频扣2687650849
1,网站盘需要的私聊0
0,各种找借口
0,高质量主播期待下一次
1,各种姿势，各种语言
1,﻿溷☀☀红☀☀+名 看波霸
1,官方销售支持主播充值找活动力度非常大的兴趣加
0,hhhh看见祺祺名字叫想笑
1,www.47dme.com
1,需要买网站盘的私聊我0
1,女主播整天色情直播
1,癃 29526 Q 77544
0,能上wx就好
0,连连看
1,www.121s.cc，美女1对1直播，任你调教   1
0,包裹里有高图
0,家要爽
0,雨神天要下雨 娘要嫁人ᚠᚠᚠ
1,君 29526 Q 77544
1,染 CC-名字-看-ᚰ
0,去一哥刷几个520
1,有钱 谁玩游戏 都去玩学生妹了
0,欢迎弟弟ᚠᚠ
0,你送个小铃铛可不可以
1,C 1409 P  盘 片
1,需要买篇的老哥可以私聊我ᚰ0.
1,天天都想被你睡
0,义工群众
0,嗨什麼喇
1,安好看 FTA675 ᚰ☎☎☎
1,波大精深
1,﻿塔利班是世界上最正义的组织，我强烈支持他们
1,家752753636-企-鹅-看-丝-袜
0,名言哦
1,WDD  DF  LG   HS  PT
0,安然买一瓶啤酒喝
1,明明36Z，偏偏要说成f
0,东北菜  大茄子拌土豆 放点小葱 大酱
1,圃麦饼-喂心 CAD571
1,荔微 FAK256ᚰ 看-电视
1,646454546'w
1,卧槽，挤什么，踩我脚啦！🤬😡
0,17次开166奖
1,2218439086+++口+口
0,sb么？
1,游戏里那些喷子 嘴长屁眼上了吧
1,迦威 sx111 505，有囊人想要的             yr
1,61444 Q 4232粉逼家
1,﻿栩 KTA679ᚰ麦P
0,72名
0,😍😍
0,狼行天下
1,姐姐名字家.丝袜扯了日
1,鸡巴武器真难找，
0,当然黄瓜刺激
1,𝘟𝘏𝘊593看屁屁
0,咖啡冲好了吗
0,3000卖我要
0,你家族长不喂饱
0,还好没喝酒
0,剛剛突然跳出去
1,2048 7832狂插+αᚰ
1,.盘网址需要私聊我好友
1,老哥们看我名字家喂看沜
0,mvp哦(*￣m￣)
0,胖才好
0,想看路人哥的包裹
0,没事
1,APK380   国日韩 快来！
0,去牺牲一人幸福千万佳丽
1,华 29526 Q 77544
0,瑜伽女友
0,还好你减减小腹完美
0,口口剑！！
0,我要50万封口费。
0,处男北极熊
1,我艹
0,你知道喜欢逗新主播
1,还不带我，这贱人
0,哦哦哦，了解
1,不是，你给我干那个贱人ᚠ
0,七星
0,晴晴 琴琴 勤勤 芹芹
0,马峪口
0,你美
1,快点快快高潮
1,勤 CC-名字-看-电视ᚰ
0,50万加盟费
1,﻿2287 9947 美腿+口
0,17次中16次6奖
1,哎，68这群🐶活在梦里，钓鱼岛走走停停，几个傻屌了，都被老王玩的团团转，不过里面有2个拖，你们不知道吧
1,﻿84444 1062 奶香+口。
0,全六等级
1,佳叩 2 5752106 0 可箹 嫩的很   rW
0,去年亏了2000w+····老大们觉得还行
0,宾西胖胖秀大码女装
0,你别忘了加我WX就行了
1,澽 ＴＲＡ２４５❤ ❤日批666666
1,迦威 sx111 505，有囊人想要的                 4w
0,去現場看應該很high
1,905433944←企鹅君羊拿福利
0,🐷=吃饭+睡觉
0,好凶直播的都凶
1,荔 T6787Vᚰ纯/洁/P
1,AKUMA日常鸽直播
0,你直播间有毒
1,混 CC-名字-看拼ᚰ
0,免费要等
1,卖片咯。卖片咯
0,ᚠ我带的连击+无属性星卡
1,求看片网站
0,黑粉都是屌丝   从来没耍过礼物的
1,红 29526 Q 77544
0,哦哦哦ban寄居
1,﻿熙 KTA677☎☎ᚰ来看
1,75+275+36+36+企+++鹅
0,看看10W左右
0,男人哥
1,𝔼𝕂ℤ593ᚰ卖片
1,需要买网站.盘私聊我0
0,我的🐎呀
0,1995.1.19
1,伟BHC979威ᚰ.
0,1400分的名士
0,波霸
1,.𝓾𝔁４４４２狂日少女
0,死靓仔，一起打篮球吗
0,以前有个粉丝群叫精灵山
0,你知道删你
0,你永远是我的宝贝
0,靓仔走了？
1,看A 看 名字 。
0,550万包
1,卖盘的私聊
0,小家碧玉、大家闺秀的区别
0,ᚠ哈哈哈
1,惠  KMD255ᚰ买-P
0,老板好帅≥▽≤~~
1,毒 29526 Q 77544
1,都他妈换了俩个了跟我说前妻是我
0,1女人2丈夫
0,你说你🐎圣旨大哥
1,君 KMD255ᚰ买-P-你懂的
1,家752753636企.
0,1340左右
1,绿2952700242蔲曰批666666
1,熙15751764994卫星
1,K5858bb  K5858bb 永久看30元 代理私聊包赚
0,追蹤小蝴蝶不迷路
1,加微信看美女
1,求直播加我
1,APK380  各种姿势
1,晶 EYD235 买-兵-微
0,MC100 锦鲤X3
1,ＫＣ４００７Ｃ懂得666666.
1,枝 157 5176 4994 ❤❤❤
1,看片qq2362740236
1,伽韦 sx111505 珂视频箹   d8
1,胸推冰火
0,结果凤雲卿那锤子嫌弃了我一晚上🌚
1,www.420ww.com
1,窘 ＴＡＤ７６５☀☀日批666666
1,UCX ł39 日爆妹碧ᚰUCX ł39 日爆妹碧ᚰUCX ł39 日爆妹碧ᚰ
1,37963374加
1,QK4459++喂
1,KS 90096家喂
0,昨天晚上一个360原来90万
0,點歌嗎那點一人飲酒醉
0,辅助坑不会骂
0,东方不败我要睡啰
1,影买P，加乞鹅 29534 51608
0,熬出头额
0,去星球
1,奶头差点露出
0,哦哦哦哦哦..ᚠ心焦
0,没上班ᚠ
0,跑车刷起来
0,【家园1线】 plot tp tutu
0,你要发自拍吗？
0,你竟然开直播了
1,私信你
1,2140 8797看逼家 口.
0,熙神，现收70的哦
0,我要立国，国号卢
1,C9667D微+芸
0,囉奈看
1,潜 w2753636 麦饼卫星
1,轩 FTA676 麦-P❤
1,UKC9ł7 薇丝袜ᚰ
1,君 FAK256ᚰ
0,ᚠ 我最胖120斤
0,昨天晚上输
0,赵婶还在家喂鸡
0,看不下去了
1,𝐁𝐊𝐏９９７慡..
0,卖纸巾了兄弟们
0,去重新安裝一次好
1,伽口看 27447053
1,流水
0,下午3點多開始下雨下到5點多
1,有人有网址吗？ 私聊我 有酬劳。
1,看美女棵播加网名
1,姐姐喂 BHC979 威ᚰ
0,你直播间一只猪
0,我用的国产
0,別生氣
1,讪 29526 Q 77544
1,晗 FTA675ᚰ寂寞少奶
0,12.5买的  12卖的
1,ＫＣ４００７Ｃ是威懂得666666
0,低调做事
1,嶶765510103ㄣほㄢぅビラヲ
1,珊 CC-名字-看-电视ᚰ
1,UKC136 芸妹美脚ᚰ .
1,眢麦饼-喂心 CAD571
0,以后工作天天跳舞
0,三山屹四水四水绕三山
1,淫淫荡荡
1,螺聊1对1
1,扣扣企鹅 3602279354 找我玩.
0,夜晚太难熬
1,APK380   国日韩！都有！！
0,嗨晚上好美女
0,应该是老牛吃嫩草
1,熙 FTA676 麦-Pღ
1,安 157 5176 4994 ❤❤❤
1,缇 ＴＡＤ７６５☀☀日批666666
1,15874206781 免费 懂的加
1,莹 FTA676 麦-P
0,报名失踪人口
1,企鹅🐧群内？
0,12点之后刷300万
1,英  KMD255ᚰ买-P
1,看美女咪咪
0,他们在V信找我
1,1918 555570  籹水奶寇
0,你同意的尺度换来的支持
1,BHC979夫人蛇ᚰ
0,关注去看大秀去无法享受米歌声
1,熙鹅351144829
1,买黄篇的哥哥私聊我0
1,枝 w2753636 麦饼卫星
0,户口簿地址
0,想加VX大家庭，私信主播
0,拉下來
1,晚上无聊需要网址的兄弟们私聊我
1,见 ＴＲＡ２４５☀☀日批666666
1,﻿兮-卫星 KUC539
0,去过的地方不多
0,阿清
1,刚才别的家族看到一个全裸的
0,哇哦 哇哦 哇哦 哇 倩倩
1,75-275-36-36+企++鹅ᚰ
1,需要资源加威zc597705835
1,迦威 sx111 505，有囊人想要的            mE
0,然後看榜單
0,喝一口吐一口喝你
1,只是不喜欢这种赤裸的操作
1,两个不穿衣服异类一起打鬼吓死宝宝
1,手机APP免费看，还买云盘？
0,树苗 珍珠   碧藕
1,麦片ΧΑС596
1,app片加2644615631，有直播
0,我现在退伯爵还来得及么
0,上次送一个主播200娃娃
0,nmsllll
1,需要看名字家妹妹封号包换的.0
0,今天那个洗脚阿姨问我多少钱
0,清清缓存
0,跑了ᚠ
0,让我吸吸苗苗果果
1,妹妹苋畼筘淔譒溦34З29
0,CC被猴子白飘了，才被劝退ᚠᚠ
1,莉 KTA679 买乒威
0,感覺現小朋友越來越少
1,﻿2953451608麦拼+鹅
0,可能都刷130块钱
1,𝓾𝔁４４４２狂日房管他妈.
1,娅喂心CAD571
1,75275+3636+ᚰ名字企+*/鹅
1,
1,KS 90096++喂0.
1,素鹅351144829
0,4500到4700左右
1,名C+芸.
1,2787 9947妹丝抠
0,辣个拉霸
1,+口看2744 7053
1,舒买P，加乞鹅 29534 51608
0,主号刷了800+帮贡了。其他号才600￥35
1,2744 7053 籹水奶
1,真 29521 91783乞儿
1,你比我高什么了 ？ 鸡巴比我打？ 就有你草母猪的资本了？
1,伊 FTA676 麦-P
1,昒麦饼-喂心 CAD571
0,红色合成旗红色合成旗
0,你头发散下来，
1,妹吸奶 19476 71973 气e
1,看姐姐名字家我.
1,『别逼逼』
0,夸张
1,2952254979+蔻日666666
1,+hhk9543++喂++HHK9543
0,你们区那个3+3的老刀6万是不是太贵了
0,黑名单夫妇
1,﻿8695 33334 好看加口。
1,名字+++围i爽名字+++围i爽0
1,收91论坛网址有的私
1,枝微 FAK256ᚰ 看-电视
0,上次刷加你
1,男人都想看的粉粉嫩嫩(你懂的)正在粉桃app簧播
0,他要是佛系打我干嘛🌝
1,免费网站
0,姐姐妹妹
0,"80    哦呜,.,, , ."
1,﻿ＫС４００７Ｃ曰批  666666.
1,CA买 CS卖 CS买CA卖
1,看片加V 18224585477
1,需要看偏的老哥私聊我0
0,ᚠᚠᚠᚠᚠ
1,佳喂：sx111505可越bO
0,讓妹妹休息
1,口含雷
1,﻿76455 5562美逼加窛.
1,看电影加名字扣你懂的
0,你直播间不行
0,平台进家族才能有效直播的
0,爱你亲亲爱你抱抱
1,牢麦饼-喂心 CAD571
0,豪，看私
1,卖网站要的私聊ᚠ
0,去有激情
1,名字++喂爽.名字++喂爽
0,啪啪啪，啪啪啪啪啪
0,等待好梦ᚠ
0,小姐姐好漂亮哦ᚰ
0,国产不要买
1,篇加企鹅 .2048 7832ᚰ篇加企鹅 .2048 7832ᚰ篇加企鹅 .2048 7832ᚰ
1,琳儿水 2744 7053 口
0,晴大爷
0,很好看
0,人家开2000红包紫水晶
1,﻿C-C-名-看-拼
0,对孤独酒悄悄的说刷2口的
0,你换名字
0,浪浪想上班没人
0,131颜色看看
0,这名字很熟悉...
0,免费清日常
1,-家-企-鹅752753636
1,4-6买高4.6买高必
0,70w买的腰带
1,752753636++++鹅
0,为了效率一般刷3+3
1,溥+C名是威看咪
1,伊 29521 91783乞儿
0,你直播蜘蛛人差不多
1,慧 29521 91783乞儿
0,"2000分10份.无条件触发彩蛋         3+2, 4+3, 5+4, 6+5, 7+6, 8+7, 9+8 10+9 人少好中 无条件触发彩蛋大家可以看一下抽奖记录主播亏死 要卖楼了！！！！"
1,板-家-75275-3636-企-鹅-
0,1 -3 -5 -7 -8
1,琳 158 7996 2374 ❤
1,买偏的老哥私聊我哦
1,﻿看我名字.
1,韵 157 5176 4994 卫星
1,珠-麦饼-喂心  C₳D571
0,昨天7+5
0,三千高一13分
0,哦哦(◐‿◑)﻿
0,大家好主播好最好大家最好
0,要找900Y左右的
1,😂😂互咬太刺激了
1,鹅鹅鹅鹅鹅鹅鹅鹅鹅鹅鹅鹅鹅鹅鹅鹅鹅鹅鹅鹅鹅鹅鹅鹅鹅鹅鹅鹅鹅鹅鹅鹅鹅鹅鹅鹅鹅鹅
0,机机哦
0,各种1.7。1.75
1,www.90096.com
0,来看绵绵的
0,应该让倩倩调教调教你
1,看批Y W90069家喂+
1,﻿色诱2591 1478 口﻿
1,夹 BHC979 威ᚰ
0,咖啡(❁´ω`❁)
1,刷妹看逼逼亲爱的
0,西瓜太郎
1,243 6508 094 加口
1,冉 FTA676 买-P
0,皮皮屋里一会“嗷”一下动静
1,﻿2074 9937 看逼嫁口
1,𝙎 𝙆 E 5 9 7➽➽片
1,﻿1964 7519看逼家 口
0,黑黑晚上好啊ᚠ
0,一下点错
0,器灵巫带二口
0,三姐妹ᚠ
1,哦尼玛个头啊
1,﻿1255 4971 潶足+口看
0,国服第999勘探员
0,1算1-2-3-4-5-6
0,做好饭咱妈先吃
0,到安徽没有买到高铁票
0,去掉纽扣
1,晨勃难受你还要诱惑.
0,晴晴很漂亮
0,义务兵哥们都
1,2048 7832插闺蜜+αᚰ
1,www.ppp256.com
0,CBG扣我4万的手机费
0,全家涼麵好吃
0,109 3550到4800
0,不行你聊容易冲动
1,lol90033  国产剧情
1,黄网互换看，私聊
1,来点诱惑才更多礼物
1,Qk4459++喂看沜
0,落花有意流水无情
1,n  m  s  l
0,义务劳动模范
0,电视买了75寸的
1,澽+CC.名字，是威，大波波
1,﻿7747 33332 摸逼家口.
1,枝麦饼-喂心 CAD571
1,UCK 169 爆日嫩碧ᚰUCK 169 爆日嫩碧ᚰUCK 169 爆日嫩碧ᚰ
1,惺☎☎ＦＴＡ６８９☎麦P
1,美腿撕挖1827 8385 口
0,比基尼
0,你知道為什麼看到灣就要走嗎
0,吃海鲜撸串喝啤酒看大海
0,春分到了动物
0,狗草木
0,哦哦...
1,7747 33332涩逼家口
1,你去换个性感些衣服
1,伽徽：sx111505陪小妹玩游戏
0,咖啡豆也不白啊。。。
0,把鬼都屌爆了
1,﻿奶少籹2591 1478 口.
0,上次桃子20w刷150w
1,﻿熙好看 FTA675☎☎
1,轩TPK564ᚰ片薇
0,优ᚠᚠᚠ
1,𝐁𝐊𝐏９９７云资源爽
0,cpcpcpdidi
0,我帮你禁言靓仔
1,佳喂：sx111505可越BF
0,懂啦懂啦
0,哦哦哦噢噢噢哦哦
1,UKC127 猛干嫩碧ᚰ
0,你家卫生巾没人
1,﻿君 w2753636
1,想要买黄偏的私聊我
0,找我干嘛(⊙o⊙?)
1,﻿冉 FTA675ᚰ你的-爱
1,滓 +CC名，是威，
0,在她房间抢的ᚠ
1,{2140 8797}妹操💗加窛
1,浏览器网址有需要的联系ᚰ
1,沜++网站++买的私聊我0
0,233333333333333333#33
1,今天是摸胸啊
0,莫名想虐你
0,健身房看小哥哥  不直播ᚠ
0,BGMBGMBGM
1,1255 4971 加冦篇
1,﻿ＴＡＤ７６８☎曰批666666
0,去休息
1,﻿7747 33332 摸逼家口
0,靓女是谁
0,惊悚哦
1,挖高宝图还不如摸屁股   好歹能会点 运气好转点
0,老闆教
0,大咪咪刚才在我房间里赖着不走
0,剛有火箭
1,看姐姐名字加我看篇0
1,伽韦 sx111505 珂视频箹            ei
1,直播啪啪啪，自卫
0,人家买8万你卖18万
0,1000左右呗
0,义工
1,﻿看比伽口 9786 49984
1,老公抛弃想找一个鸭子视屏座愛成熟稳重的男人
0,主播的伞也很靓✨
0,好样
0,cc直播雀圣杯  路人5145 ： cc直播雀圣杯
1,买皇色的哥哥私聊我0
0,情人节男朋友送礼物
1,HHK9543+++喂+
0,别老涨志气灭威风
1,熙 KMD255ᚰ纯/洁
0,·······你还兼职补习班·····
1,𝐄𝐊𝐗596买片
0,哦，黄色弹幕
1,UKC136 芸妹美腿ᚰ
1,惛 ＴＲＡ２４５日批666666
1,www.tt8s.com
1,SKS威力不足
1,抽几天原味内裤
1,𝘟𝙀Κ496ᚰ卖盘片.
0,妻管严啊老徐
1,张开腿要国家审核
0,今天一天孩子花500
1,家庭 人 妻 斯挖 a1102195 家庭 人 妻 斯挖 a1102195422 口 422 口
1,2048 7832寂寞妹+αᚰ
0,去揍
1,看黄需要的私聊我
0,哦哦哦 看私聊
0,是呀ᚠ
0,瞧瞧
0,ᚠ感谢狐狸的守护
1,ＸＫ２３７９
0,人亲的
0,别逞强你嘴巴速度跟不上
1,晒屁股里吗？
0,哈哈୧(๑•̀⌄•́๑)૭他们录了
1,EK𝐗596买片找
0,银角+魍魉≡ω≡
1,稳重的男人加扣扣；38020÷9931真正免费玩一丝不挂
1,看姐姐名字家.-看篇
0,坤姐姐漂亮好看ᚰᚰᚰ
1,两个奶头很突出
0,道具费列第三久没有联系
0,哦哦。你又要败家
1,最新最好黄资源..买的看姐姐名字加我买
1,𝕩𝖍𝖈593片卖
1,FS2365高清无码
1,765510103蒖人値噃8pf[0
0,人气不高换个
1,老哥们.想要买黄偏的私聊我0
1,Ｘ𝐄Ｋ４９６ᚰ盘盘
0,17w左右
0,15+9也只能见一面
1,加妹qq2083627437人飞骗子
0,特别的表演
0,12点到一点才睡
1,佳喂：sx111505可越nr
1,看片的加 642463657
1,包子MC服务器房间号是63675877，密码369369
0,5441561465
1,冉 FTA676 麦/P/❤
0,反恐特战队
1,﻿64444 0992 炸裂资源+口。
1,需要网址盘私聊我++
1,需要买黄资源的私聊我ᚰ
1,哦呦喂我找我哦呦喂l  mllnmmm我
1,名字家我看丝袜舒服
0,有需要管家的私聊我
0,你看看人家98k，ak
0,避雷 避雷！
1,K 🇺 C763妹丝国.
1,看片去番茄，不要钱白嫖的
0,粉嫩嫩的小忙女
1,
1,﻿熙 １２３４５
1,深夜福利加妹子薇信ghhmdzz拖光光哥哥指挥
0,淘宝秒ᚠ
1,幼儿QLK290 无码￥
1,看妹妹名字+++++++0
1,凡麦饼-喂心 CAD571
1,𝖝𝖍𝖈593卖片
0,零食 包装ᚰ
1,英好看 FTA675☎☎
1,绿+CC.名字，是威，大波波
0,买看懂
0,呦呦 秋狗哦
0,刚才看你扣里的个性签名写的几句感觉像是说
1,24602 23456看逼嫁口
0,尝试抓住靓仔(๑•̀ㅂ•́)و✧
0,钓鱼要到岛上钓不到岛上钓不到
1,𝐩𝕒𝕒495ᚰ脉片.
1,﻿C-C-名-瞧-拼
1,皇色要私聊我
0,势力名字 叫 名人堂吧
1,皇盘的私聊我
1,752753636需要-看毛的-家企-鹅
1,美女加QQ102304009
0,戈胖ᚠ
0,任务养你不赔钱
1,民 ＴＲＡ２４５☀☀日批666666
0,敝人对你的景仰之情有如涛涛江水连绵不绝
0,还会看lol比赛
1,佳喂：sx111505可越Av
0,你家小辉不理
0,就是贵了700+
0,无语中.....
1,卧槽，我点到双倍怪了。。。
0,人员受伤后
0,皮卡丘嗎
1,v █ H 𝕂 X 5 9 4 █看盘看名
0,Emmm.
0,哦哦 带八百呀
1,76455 5562美篇加窛
1,卖片的，我买片你加我
1,CC名++是围爽沜
0,路  人3344点亮了金克斯3808  苏苏～ssmy♥️点亮了
0,虐杀ᚠ
0,鼻直口方
1,﻿1255←QQ→4971 懂得加樉
0,你沙漠人参不到收获季节
0,3加5加2
0,12点之前刷30万
1,女人容易高潮
1,涩┤聊加Q2873547101
0,洁洁美女好
1,0老哥想要买皇色的私聊我
1,.网址盘要的私聊
1,𝘍𝘛𝘈679
1,UXC119 双飞嫩碧ᚰ
0,拉下一点
1,〈2⊘48 78ℨ2〉妹丝ᚰ
1,好想加你QQ你聊天
0,17才功能
0,73F18FE30882962D  
0,李永生，，那么丑
1,.24602 23456 看逼家 口
1,红 好看 KTM657 ᚰ
1,姐粉B 2744 7053 口
1,29521 91783乞儿
0,朋友都榨汁機買2000
0,男孩不用养，女孩还要买包包买口红，太可怕了
0,他就完事了
0,平台绿色直播
1,﻿KMD255ᚰ买P-靓妹.
1,黄资源需要买的私聊
0,你老找我开FBᚠ
0,万里 700左右
0,回300++血
0,请擦擦你的口水
0,名字电话
0,烧烤撸串喝酒
1,你会晨勃
0,狼狗回來再唱
0,可能79淪落80
1,75+275+36+36+企*-/鹅
1,𝐊𝐂𝐕９９７卖云资源..
1,买盘的老哥私聊我0
1,若-麦饼-喂心  C₳D571
1,沜++网站++买的私聊我沜++网站++买
0,夫妻不和谐 好打啊
1,俶 29526 Q 77544
1,延 莳 噴剤+79927009 徽
1,需要网站的加我，不免费
0,天图口区
0,有人你衣服主播
1,兮 KMD255(R)]买-P-姐妹
0,ᚠ免费火箭
1,染 KMD255ᚰ 国妹靓妹微
0,骚夏狗日的。。。
0,我加不進去
0,美女嘴好甜
1,加我33847504
1,ℍ 𝕂 𝕏 5 9 4 →→片
1,莎2953451608 麦偏+口口
0,难受香菇
0,去不去老乡
1,色罔沚Ｗ６.ＰＭ
1,佳喂：sx111505可越Vw
1,佳喂：sx111505可越et
0,夸夸方正一个人
1,卖 盘的加我
1,到 29526 Q 77544
1,激情妹纸表现懂得加薇信kkkk5989
0,嗷嗷待哺
1,列兵牌簧片，需要的私密
0,21.22.24.26.27.29.31.32.34.36.37.39
0,胖才肉
1,姐姐我要吃馒头
0,不知火舞
0,500万2400万
1,﻿2563 43098+口口看.
0,兵仔反正见头母猪都觉得美
0,碧发垂髫
0,嘻嘻╰|･ิД･ิ |靓仔路过
1,www.121s.cc，美女1对1直播，任你调教
1,融  KUC539 麦饼薇
1,𝘒𝘜𝘊５２７ 麦偏薇
1,﻿FTA678﻿买乒
0,30万体力哦
1,莉麦饼-喂心 CAD571
1,佳喂：sx111505可越qK
1,撩那个护士
0,大茄子热衷于赌ing
1,Η Κ Χ ５９４➽片 ..
1,皇资源买的私聊我
0,手机5500万可怕不
0,微信微信
1,BHC 979 威
0,机器人是爽哥 PRO
0,70000加成了7000
0,偶尔怼一组520会炸的
1,𝐁𝐊𝐏９９７慡
1,​(V❤）wuhendewul色色❤等你哦！❤​(V❤）wuhendewul色色❤等你哦
1,ＪＫＣ４８３前进后插
0,不是名字。只英文名字。
0,客服没有人
0,去淘宝搜到的
0,你播起来看看家里
0,我说的是对的ᚠᚠ
1,清下载碧藕哥资源的唯美版
1,1556450000000000000000000
0,呵呵自恋有度
1,𝐔𝐗４４４２狂日少妇.𝐔𝐗４４４２狂日少妇
1,为所欲为 为你🐎逼 逼上梁山 山穷水尽 尽量而为 为所欲为
0,喜歡主播的點個追蹤關注送禮物
0,可以当沙雕
1,塞 w2753636 麦饼卫星
0,她的第一句是淫荡的笑
0,你还想你想学你先说说你想学
0,皮皮虾走去找一个女朋友
1,盘网站私聊我啦
1,韵薇KAD534
0,很高興認識妳
0,对面动作感觉。。不像那回事
1,﻿7747 33332曰逼家口
0,晴晴小理
1,想要片加我
1,不勃起的
0,人气不行
1,网站沜买的家好友私聊.00
1,﻿1690 47089+口口看
1,小姐姐在线撩＋徽MGC1222
0,7777777忍了
0,那種事什
0,鄙人喜欢豹纹ᚠ
1,嫣 w2753636 麦饼卫星
1,伽徽：sx111505可约go
0,买需要600
1,你WX 改名字了 开头叫什么  我拉你进群 。
0,哦哦 我晕
0,去五个考科三四个唯一的一个女的挂
1,淑 FTA676 麦-P
0,火山的水果商
1,253 CF.com
0,名字：雨我无瓜
0,149需要320+穿透
1,75275 3636ᚰ++.
0,点首歌来自天堂的魔鬼唱唱
1,以后 买APP送军火。
0,去裝忙
1,F℉X878国日韩
0,请你吃水果
0,宅配訂購嗎還要加愛心妳煮的
1,1506 4775+蔲曰批
0,人氣來於好兄弟
1,75275+3636+鹅+企
0,上次看妳穿白色吊帶背心很好看
1,兮 FAK256ᚰ 看-电视
1,𝕩𝐞𝙠４９６ᚰ爱看盘 .
1,﻿各种姿势+口 61444 4232 。
0,去过那间零度ktv
1,主播你的原味卖红包丝袜
1,﻿FTA678ᚰ买-乒威.
1,想看的加我私信
0,老板好帅≥▽≤~~
1,佳喂：sx111505可越Bd
0,洞口的
0,YY咯无聊
0,狼行千里吃肉狗行千里吃屎
0,充值只能直冲
0,哦哦哦那就行hhhh
0,一本道牛逼
0,加油妹妹
0,爽呦
0,大龙虎有没有欧美区的ᚠ
1,美女微信裸聊不
1,买篇-加-企鹅1537 3608ᚰ
1,伊 ❤FTA676 麦-Pღ
1,慧买P，加乞鹅 29534 51608
0,甚至包括15篇作文
0,4500我包
0,在考虑要不要买十字路口的美少年
1,需要买黄篇的老哥私聊我】
1,﻿ 2488 5608寂寞少付口。
0,卧槽 喷子能喷这么远？
0,这是我的娇妻🌝哈哈哈
1,贤 29526 Q 77544
0,skskkskskd
1,艳 T6787V 纯情
1,瑞  KUC539 麦饼薇
0,胖胖~
1,买篇加企-鹅2790 2188[s电到了
0,我明天去卖瓜
0,妮妮，天天晚上呻吟我受不了了~
1,惨 ＴＲＡ２４５☀☀日批666666
1,﻿染 ❤FTA676 麦-Pღ
0,188红包，500，1000这种
0,啤酒干以为戒指一个爆500倍
0,我打算买口锅
1,ザヂとポㄟズい
0,我干嘛要送
0,好的学好你你好不会你失望的我会听你
0,我可以举报🐎
1,看名字+++姐姐摄
0,你知道直播开车不
0,哦 三八梦哦
1,不想开电脑，偏偏逼我开
1,www.4399.com黄色
1,耎 ＴＡＤ７６５☀☀日批666666
1,3430 9996爆插╬Qᚰ
0,这是干什么
1,之后直接给他嫩死了
0,刚刚身后有人
1,佳喂：sx111505可越d9
0,去这脸比衣服还白
0,100人口差距
1,惠 w2753636 麦饼卫星
1,ХСК396卖片
0,回本了 卧槽可以上书
0,我这一夏天玩梦幻的喝100包咖啡
0,舍得
0,策划煞笔啊
0,去做饭
0,发不出言
0,你说挺好的你说的内心挺好的
0,跑业务办pos机的
0,你还是处男呗
1,巧 FTA676 麦-P
0,10W帮战号就 13+7了
0,来首(没有你陪伴真的好孤单)
0,妳真的均均的老婆
1,爽爽爽爽爽爽，把你拍死在茅坑。
0,射手座
1,兮微 FAK256ᚰ 看-电视
0,A12处理器
0,好痒出水
0,上次说加好友的你没给
1,喂 BHC979ᚰ[s流口水了
1,各种姿势激情 需要私聊。
0,🌚没有vx实在办不了卡，卑微🌚
1,露沟不露逼全网你第一
0,雪碧买没
0,看私聊 看私聊
0,3w  三包..
0,走妹子哥带你
0,去卸
1,佳喂：sx111505可越Ps
0,175买号就要买你这种的
0,蔡徐坤，鹿晗，大碗面三姐妹出场演
0,怪為什麼那麼想你
0,悬哦。
1,秀 158 7996 2374 ❤
0,微微微微微微微微辣
1,兮-媚-媚-卫星 ＫＵＣ５３７
0,看看我的家庭地位
0,走天涯ᚠ放吧
1,75-275-36-36++企--鹅
0,42的玩lol爽
0,谱
0,可能都偷懶出現
0,不以物喜不以己悲
1,v买篇加企-鹅1967 4651ᚰ
1,烦你麻痹
0,美国^O^
1,伊 FTA676 买-P
1,戤  KUC539 麦-拼薇
1,熙麦饼-喂心 CAD571
0,捨不得出去
1,若-美-丝-薇 KUC539
0,夫妻感情好ᚠ
1,〈2⦿48 78ℨ2〉笔舔女ᚰ
1,网站沜++买的私聊我
0,❤❤❤❤❤升吧ᚠ
0,朋友不要一起互换
1,﻿后入 2563 79431
1,想买信誉好看篇的私聊我.封号包
1,𝘒 𝘛 𝘈 679大家好閩
1,﻿要皇色的看我茗字..
0,哎呦 粉嫩
0,一会给马儿🐎酒里下毒
0,惊险哦
1,沓 29526 Q 77544
1,𝐊𝐂𝐕９９７ 好看☎☎
1,伟BHC979威ᚰ
0,偶不知道
0,你啥时候生日
1,大家说脱衣服
0,人品大爆發
1,﻿另类筘 ─5四2 7049
1,免费送网址，无病毒
0,关山+4
1,﻿1515 4683资源多+口口.
0,皮皮虾不渣嘴
0,七夕狗粮吃饱
1,EK𝐗596买片找我.
1,﻿2074 9937 啪啪家宼。
0,你把这条丝袜给我邮寄过来我给你买新的。
0,呵呵洗头发
1,看妹妹名字++
1,﻿1946 4390 看逼家口。
0,有人陪你你忘没人陪你你记得
1,红 ＴＡＤ７６５☀☀日批666666
1,名称是网占名称是网占名称是网占名称是网占名称是网占
0,昨天晚上好看
1,滓麦饼-喂心 CAD571
0,7-7-7
0,感觉一心一意的
1,家庭 人 妻 斯 挖 a11021954 22 口
0,我129普陀通天副本秒1100+是不是非常么用😂
0,更何况还长的这么好。身材又好😂
0,点名点名点名点名点名点名点名点名
0,170啦....
0,妳怎麼知道
1,75-275-36-36+企++鹅0
0,做貓真好
1,﻿2074 9937
0,老闆好兇
1,嶶765510103らゼせシぺまカこ
1,看姐姐名字++..
1,佳叩 2 5752106 0 可箹 嫩的很            RA
1,买皇资源私聊我老哥们
1,需要新疆干果加我，
0,174到175  单开要1年+
0,宾利跑车一台500万
1,夹-企-鹅752753636
0,轻言，来个射雕英雄传的动作撒
1,篇+企-鹅2048 7832ᚰ
1,黑丝ᚰ
0,橘右京
0,讓給
1,伊买P，加乞鹅 29534 51608
0,美滋滋？ᚠ
0,靓仔大阔爱（づ￣3￣）づ╭❤～
1,贱人⑦
0,GZ FZ 1550，SZ 1500，TZ 5000+
0,宁美国度买的
0,1776看v
1,君 29521 91783+口
0,100包薯片
0,跟路過聊天
0,O NI  MA A 哦哦哦的
0,.....300包年...
0,555555我要被喝了
0,沈阳32度
1,栩+CC.名字，是威，大波波
1,皇资源买的私聊哦
1,你大爷
1,网站盘++++买的私聊0
0,我张家口的
0,…无耻！！！！
0,扁桃看我名字，扁桃看我名字扁桃看我名字扁桃看我名
0,120珍珠  37777
1,+：bm1111bc曰批 6666丝i爽
1,总 ＴＲＡ２４５☀☀日批666666
1,𝘒 𝘛 𝘈 679大家好蘱
1,黄资源..买私聊我0
1,买网站盘的私聊我0+我
0,1TG3TG1HS
0,无损占内存
0,人生苦短必须性感
1,惨☎☎ＦＴＡ６８９☎麦P
1,威信k8八8k77
0,舞女带什么天赋啊
1,裤头丁字裤
0,以前《家有仙妻》的主题曲
0,非礼心里默默的说我嫩你酿哎
1,老公不要想找一个鸭子视屏做愛成熟稳重的男人加扣扣；489581320不穿衣服玩视屏
1,﻿ 各种姿势2591 1478 口。
0,人气高不高要看你
1,以后来看兔子
0,哦哦 嗯
1,﻿64444 0992 镶碧+口
1,直播 看h片
1,𝘍𝘛𝘈676☎ᚰ买乒
0,ᚠ我赢了。
0,八百块的包包几
1,﻿妹粉B 2744 7053 口.
1,﻿若 KMD252 老板-买-拼-微
1,〡506 4775╬α暴力插毕
0,解说真nb
1,免费加微的
0,朋友弟弟开的撸串的
0,7D6B74CA01559861
1,好處露奶之類的嗎
0,1250万左右
0,很乖
0,很娛樂
1,3CE口红  泰国羽翼粉饼
1,看姐姐名字家ᛀ
1,﻿染看-拼-Q/33155 94194
1,.61444 4232芸+寇
1,﻿口 2396 8433 资源
0,主播不是广东人，所以不需要喊他靓仔ᚠ
1,卧槽，他妈？想死？
0,5珍珠 5  67  10
0,索楞两口嘛
1,20487832芸妹加口口20487832芸妹加口口
1,不露奶头差评拒绝改好评
0,你屌大 你定
0,人家要我的.....
1,主播黄播穿裤子不方便
0,4+1主播手上
0,干死粗鲁
0,他最早跟我干的
0,剑指offer
0,疯狂一下
1,看奶子看奶子看奶子
1,素喂心CAD571
0,嗨起来好
1,篇-加-企-鹅8354 22224ᚰ .篇-加-企-鹅8354 22224ᚰ 篇-加-企-鹅8354 22224ᚰ .
0,新来的左上角关注右下角分享
0,倒懷疑還有粉絲直接儲值給主播
0,姐妹→界面
1,加v果，聊？
1,ㄘあしフやテヒ嶶765510103蒖鎭人眎頻値噃
0,看名字主播伤
1,肯定时间的兴趣加好13819308834
1,美看-拼-威-心 kzd345
1,爆插╬企鹅ᚰ3430 9996爆插╬企鹅ᚰ3430 9996爆插╬企鹅ᚰ3430 9996
0,不能說話
1,可聊可约伽筘可聊可约伽筘筘：193 6616 70可聊qG筘：193 6616 70可聊Py
1,UKX735资源威
1,看姐姐名字加我看最新簧片
0,7千万亏巧克
1,UKC917 薇美腿ᚰ
1,沓 ＴＲＡ２４５☀☀日批666666
1,盘的爽歪
0,去聽現場
1,hhk9543+++喂..
1,雪麦偏+威 w2753636
1,枝 T6787V 纯情
1,"漙 +CC名,麦P"
1,伊 FTA676❤ ❤ ❤ ❤ ❤买乒威
1,垚 KTM657 ᚰ亮女
1,75-275-36-36-企-0鹅0
label,text
1,𝐇𝕌𝐗457ᚰ快来看.
1,2◐48 78з2妹日ᚰ
0,呵呵我来捧捧场不行
1,YW90069++喂看偏+
0,很不理解为啥中国女孩会喜欢老黑
1,色❤单❤身❤男❤懂❤加❤色嘿嘿
0,善恶一本道，你可别垫书😳
1,𝐁𝐊𝐏９９７云
0,你是她的备胎
1,2744 7053+🐧看.
1,﻿染鹅351144829
0,非洲人花花草草
0,分期付款
1,好好看比赛！需要网址的老哥们私聊我
1,一对大波
0,神奇虐虐
1,21241836ᚰ企鹅
0,善良的小姨子.
1,枝 FTA677ᚰᚰ
0,七夕前一天现在睡没10小时
0,找我干嘛ᚠ
1,﻿C9667D 猛射资源
0,去小撩一下
0,吃不了鸡
0,？哦哦哦哦哦哦哦哦那我单排了
1,mmp哦
0,你要看87000左右的！！
1,看我的网名，看我的网名。
0,金龙鱼调和油
1,无毛逼爽
1,嫖娼少年无所畏惧，身体榨干死在床上；性感扁桃在线发骚，肾虚透支精尽人亡ª
1,rnm哦哦
0,诱惑一会
1,冉TDA775 买P-靓妹
1,www.188porn.com
0,高必 高防 高偷 高神 高夜
1,𝐔𝐗4441 好看☎☎
0,潇洒ᚠᚠ
0,很育碧
0,别笑牙龈全漏
0,蘑菇愛睏缺貓幣尤其帶大陸團
0,海康威视的咋样，国产的
0,拉拉白，这是你姐妹啊ᚠ
1,𝙓CK396卖盘
0,5000万收高必高偷
1,买片加薇EK𝐗596
0,女神跪
0,想死你了我
0,去银行做理财省心
0,去过张家界
0,去银行贷个10万上卡
1,然后再插进你的
0,必须翻烂
0,可能是因为慢性咽炎
0,VX私聊我
0,联系群众
1,送你震动棒
0,内裤一条
1,莉-黄色-CC-名字
0,欢迎ᚠ
1,眼睛烂掉
0,口谁？
1,𝐔𝐗４４４２狂日少女
0,想送也送不了5555555555555555555555555555
0,我靠 59 都5000+
1,75-275-36-36+企-鹅-设.
0,胖達人
1,752753636++口++口看皇
1,﻿﻿溷 大波波 29523 54478
1,别的不好中100的射二倍的别的不射
0,上次看见一个星月菩提很漂亮
1,劳 29526 Q 77544
1,宽衣解带QQ:3123197026知
0,义乌一之猪
0,月月  提起屁股
0,644096...
0,不不不呜呜呜呜呜呜呜呜
1,网址++++买的私聊
0,平台是不是都进家族的
1,篇加企鹅 .2048 7832ᚰ.
1,熙 29521 91783 鸟
1,华2953451608 麦偏口口
0,想想人家301的
0,站起来给我
1,﻿ 女儿P黑2591 1478 口
0,看鬼片了喂傻兔ᚠ
0,你会对好
1,💞𝘒 𝘛 𝘈 679大家好鐅
0,豫美美
1,娟麦偏+威 w2753636
0,早一遍根本没看到你直播
1,尼玛喷水
1,伽韦 sx111505 珂视频箹             As
0,你直播方式想走路线的
1,韵 FTA676❤ ❤ ❤ ❤买P威
1,名字++我胃爽
0,加我43055123
1,看佲+Q 雲片.
0,哦哦哦，酱紫
0,散步去咯ᚠ
1,﻿С6889Ｄ新资 园。
1,网站++++买的私聊
1,Qk4459+喂看沜
1,█ 𝙝 𝙠 𝙭 ５９４ᚰ卖片
1,网址 盘买的私我++ᚰ.
1,﻿各种姿势家口 61444 4232 。
0,歌不错可惜出道非主流时期
0,130的卖10W....
0,叫我干嘛？？？
0,发你WX你没理我ᚠ
1,琳 29521 91783+口
0,天天打架这么刺激的嘛
1,﻿𝘒 𝘛 𝘈 679大家好驣
0,恭喜我自己有了cpᚠᚠ
1,﻿ 少女P黑2591 1478 口
1,红包收91论坛网址有的私聊～
1,2460223456+蔲曰批 666666
0,加加加加油！
0,德玛西亚彪
0,性交易
0,4】4】4】4442+0514/4】4】4
1,﻿ 各种姿势2591 1478 口
1,UCX ł39微美丝ᚰUCX ł39微美丝ᚰ
1,娴 29526 Q 77544
0,E+慕希
0,你的名字ᚰ
0,有点像我家娃娃
1,869533334逼
0,我没有这个动作😭😭😭
0,医院WIFI很好，护士姐姐也很漂亮✪ω✪
1,快高潮软了
1,名字家我看丝袜.
0,32内存
0,ᚠ这样很方便
1,看片地址~加扣1665977823QA
0,请绿色直播
1,名字+++围爽沜直接++
0,不是，小秦你配问🐎
1,75-275-36-36+企-+鹅.
0,点心
1,舒KUC539 麦饼薇
1,🇨🇳🇸🇬🇩🇪🇮🇹🇰🇷🇮🇹🇯🇵🇰🇷🇫🇷🇲🇾🇭🇷🇺🇸🇷🇺🇲🇽🇵🇹🇷🇺🇨🇦🇧🇷🇮🇸🇲🇽🇪🇬🇪🇬🇩🇰🇧🇷🇷🇺🇪🇬🇻🇳🇦🇪🇦🇫🇱🇷🇦🇽🇱🇷🇦🇿🇧🇬🇧🇫🇧🇯🇦🇿🇨🇫🇧🇿🇧🇹🇧🇸🇧🇳
0,人身
1,🚑🚑🚑🚑🚑🚑🚑😍😍😍❤❤❤❤❤❤
1,单 ＴＡＤ７６５☀☀日批666666
0,朋友的本田CRV说爸最快开到160
1,网盘买的++私聊我0
0,有水
1,﻿看我鸣字 老司机加..
0,粉丝群470556887
0,跑龙套
1,卖片私聊我下
1,﻿6144 44232 大波+口
1,熙看-拼-Q/33155 94194
0,色伯伯你前面有車
0,昨天晚上看见你控制不
0,非洲的人還真沒見過
0,哦，老乡哦
1,﻿溷 卫星 KTM657 在线看☀ ☀
1,BM5956看直播大秀，看盘加VVV
0,1750+4000
1,网址 盘看姐名字++.
1,想看加307519387
1,裸体
1,映客老板坐一起直播刷好像印钞的……
1,+口看2247 1419
0,替我干了他
1,媳妇别浪回家啪啪啪
1,落2953451608 麦偏口口
0,你个嘴 阿金
1,Qk4459++喂.
1,栩 KTM657 ᚰ靓妹
0,122835加我
1,寂寞接资源V13613412678
0,老二断断续续的投了20+
1,涩▽聊加Q2
1,看姐姐名字+扣.
0,尚水的伴
1,耎 29526 Q 77544
0,重庆妹儿乖哦  小黑想清楚
0,宾利跑车一台500万
0,为啥你们动作一致
1,﻿染 KMD255ᚰ买-P
0,佛山第一峰800多米高
0,4ww中国人
0,越来越爱星宝
0,可能月10号15号就要走
0,5X神器340卖你
1,俩絔=580W弊嘉扣28212129
1,全漏自摸薇信suy267
0,我还是靓丽动人的小少女呢
1,柴  KUC539 麦饼薇
0,去一个星期500多人加
1,﻿ 2396 8433 寂寞少妇口
0,好呀晚上视频
0,压压惊睡觉觉
1,卖片私聊
1,2290 2554+蔲曰批.
0,就律法+画魂不垫书
1,愎 w2753636 麦饼卫星
0,遛🐎
0,谢谢❤❤❤❤❤❤❤❤
1,看姐姐名字看篇
1,2744 7053+🐧看。
0,铁屁股😂
0,青青❤❤❤❤❤❤❤我超级爱你
0,妖精哪里走
0,老闆喝醉碎碎念念自言自語那邊唱歌
0,万兄 我干脆也叫你万老师吧
1,ΧСК396卖片.
0,讓來棒死你
1,C9667D芸妹.
1,﻿2074 9937 湿了家口
1,今晚居然没有卖片需要网址的老哥们私聊我
0,第四名hhh
0,DEAMN-Save Me
1,不信看不出来戴的乳胶假胸
1,素  KUC539 麦饼薇
0,应该1天换20套衣服，包包里放50支口红
0,染指流年
0,人美瑟
0,姑姑的CC名字改了ᛐ
1,网站沜买的家好友私
1,原来那个若晴是插进去拔不出来的那个主播
0,3.54.52441.45.41
0,这是四级听力🐎，台词也太憨憨了
1,漙 FTA689☎☎在线看
0,如意的小弟弟    ᚠ
1,网址++++买的私聊我
0,·奈美唱歌贼好听
0,瞧瞧人家
0,别扎心一会儿找你撸串去
0,玩自定义🐎
0,红包包红包包红
1,落 T6787Vᚰ纯/洁/P
0,降到5-60左右
0,国足？
1,UKC917 妹妹的比ᚰUKC917 妹妹的比ᚰ
1,蒖人視頻値噃tЗ
0,朋友播7天200w
0,你说你只会高潮
1,▓ Η Κ Χ ５９４➽➽卖片
0,七月十四
1,轩-薇/ CAD 571
0,你美不美都漂亮
1,冉口口 29521 91783
1,憝 ＴＲＡ２４５日批666666
0,568*0.95才539.6
0,快去拿来
1,GDUMxvg鱑鳝値噃+嶶36075239
1,看P力口薇C3003D
1,看姐姐名字+++看沜
0,170万，，，，
0,嗨晚上好
0,东北二嫂
0,今晚能5🐎
1,黄色
1,2140 8797寂寞姐加口
1,君 29526 77544 乞鹅
1,﻿1255←QQ→4971 懂得加樉.
1,皇色买的老哥私我.0.0
0,我储备金8000+W
0,包子 帮我干一把 祈福到时候还给你
0,胖妹妹真漂亮
1,"﻿溥 +CC名,麦P"
0,什么你们听到没
0,去玩下繁星直播
1,找个大波的，瑶瑶裤衩子
1,﻿84444 1062 衣女+口
0,国产的青春电影能看🐴
0,δS
1,1537 3608+🐧看ᚰ..
1,爆内内跑乳晕
1,"看片加q,495851478"
1,看不到奶头
1,冉 29534 51608 买-饼-口口
1,∮芦∮岁卐求了母声尸毋嘐伞咦流巴唔咦酒耳唔巴
1,不让看是不是裸睡
1,𝐗𝐊𝐄585ᚰ片看的来.
0,我现在追国产动漫了
1,真假有脫衣舞
0,人品問題
1,主播裸聊受不了
1,网站盘需要买的私聊我0
1,我要卖屁股了ᚠ
1,看大尺度加主播微信qaa6878看大尺度加主播微信qaa6878
0,生口
1,澽  KTM657 ᚰ片
1,﻿若 KMD253ᚰ麦饼看这里
1,晶 CC-名字-看拼ᚰ
0,全部买了...
1,家-752753636-看-企-鹅
0,妹妹直播完才直播
0,做好的人
0,去小葡萄
0,DDDDDDecade
0,200才一个月
1,需要买网站私聊我便宜.l1
1,名字++围i爽.
1,勤 KMD255ᚰ纯/洁
0,3000-5000.
1,澽 +CC名，是威，
1,慵 ＴＡＤ７６５☀☀日批666666
0,买买买，我老婆要啥买啥
1,兮 FTA675ᚰ你的-最爱
0,打猫皇比较刺激
0,看看需要洗不啦，领悟不啦
1,﻿看我CC名字 加Q资源.
0,不让中
1,C9667D芸+微
1,ΧСК396卖片
1,看片加15225525678免费
1,✤ 𝙋 𝕒 𝕒 ４９５ 片
0,12点睡觉
1,静 157 5176 4994 ❤
1,日本隐私部位看着能吐，欧美比较好看
0,义务兵力
0,959456.7
0,三生三世
1,黑丝ᚰᚰᚰ
1,澽 KTM657 ᚰ靓妹
1,影 FTA675ᚰ你的-最爱
1,00元=980万喵币需要加.   Q
1,极  KUC539 麦饼薇
0,哦哦，知道
1,华买P，加乞鹅 29534 51608
1,丝哇 1827 8385 口
0,老躲曹丛里面大喊德玛西亚万岁每次知道放大招老哥
0,拉一個800多倍
1,﻿KMD255ᚰ 买拼-微.
1,我有免费网站-想要的加我
0,该死的喵播嫉妒
0,你势利眼
0,跑星月还跑水晶
0,初见要直播资源 我偃师就给他打了 我操作得奶妈
0,黑黑在线卑微
0,昨天晚上刷一个500倍没有中过
0,不是沒幣
1,名字+++围i爽++0
0,明秀园青秀山69
0,平台试播看看
0,清完号 还欠了一屁股帐
0,哦哦哦ᚠ
1,要不要加我微信
0,名字加五十
1,篇加企鹅 .2048 7832ᚰ
1,垚麦饼-喂心 CAD571
1,爆插╬αᚰ.
1,看姐姐名字私聊我
0,《爰情买卖》
0,去洗漱一会过来
0,卖避孕套
1,Ｑ；①①②②①⑨⑦⑤④
1,黑泥鳅刷卡都不会中的
1,买篇加企-鹅1967 4651ᚰ买篇加企-鹅1967 4651ᚰ买篇加企-鹅1967 4651ᚰ
0,福利送
1,﻿看CC  束缚+危.
1,惛 ＴＲＡ２４５☀☀日批666666
0,哦哦哦，我知道
1,微123456丝足
0,人呐比较实在表白比较实在喜欢你时间出来一起睡个觉
1,射
0,开飞机
0,小哥哥好嫩
0,凄凄切切凄凄切切
0,尿尿別滴太久即可
0,那个美眉屁股扭的不错😊
1,🇨🇳🇭🇰🇲🇴🇫🇷🇩🇪🇮🇹🇯🇵🇰🇷🇬🇧🇺🇸🇦🇫🇦🇷🇪🇬🇦🇹🇦🇺🇵🇰
0,直接点就行。不用ait+a
0,人类王子
1,要网站的私我，免费黄瓜视频
0,橡皮泥ᚠ
1,BM1111BC曰批 6666丝i爽
0,去想ia车间
0,拉霸中200w
1,.看姐姐名字加我看篇..
1,网站盘看名字++私聊我+
0,你也别说了，我也别说了→_→然后我是这里最靓的仔
0,户口本上2月29
0,三山屹四水四水绕三山；三山四水春常
0,去过那间零度ktv
1,皇色要私聊我0
0,4w左右
0,我想看动画片。ᚠᚠ
1,兰 T6787V 纯情
1,76455 5562狂操加窛
1,后 妈的 诱 惑a1102 195422家 庭 人  妻
1,网站++买的私聊我000.
0,人生在世潇洒走一回
1,习总一走都
1,娟 FTA675ᚰ寂寞少奶
0,补口红
0,你会唱tfboys的歌
0,你去听青雪故事真人秀
1,Y W 90069+喂++潘塔.
0,人人的性格相同
1,看姐姐名字家买篇看0
1,*注意看我名，是威哦，
0,16number1
0,心烦大师级别
0,人品问题
1,看我茗+涩情塽.
0,不生气没事
1,主播lr9863不穿衣服你看
0,忽视睡3000左右
1,需要买盘的老哥私聊
1,𝘒 𝘛 𝘈 679大家好嫼
0,美好的生活
1,皇色要的私聊我0
0,日日夜夜，夜夜日日
0,平台是不是毛病
1,Y W 90069++喂+看潘0
1,840539435+Q 雲片
0,七
1,UCX 乙39 嫩ᚰ
0,你美宿舍最美的
0,你還嫩了點
1,﻿2287 9947 美脚+口.
0,一会你家扔俩二
0,包包w
1,﻿溥 +C名看P，是威哦❤ ❤
0,心动
1,﻿看CC  束缚+危
1,很生氣一直問他還上不上麥還穿不穿衣服
1,www.7k7k
0,你知道我要你你的复印
1,韵薇 KAD534 麥偏
0,牛奶咖啡？
0,77777777777777777777777老司机
1,UKC 九─七 薇美腿ᚰ
1,沓麦饼-喂心 CAD571
1,需要买网站私聊我便宜
1,❤❤❤男人加油站盘视频
1,块 ＴＡＤ７６５☀☀日批666666
1,35141 73330爆虐+αᚰ
1,需要买黄篇的哥哥私聊我哦
0,很貴
0,尿床
0,开包厢
0,傻眼無言
1,25899469我的lD
0,你漂亮的天地
0,刺激啊青儿
1,752753636盘Q
1,买篇-加-企-鹅2124 1836ᚰ买篇-加-企-鹅2124 1836ᚰ买篇-加-企-鹅2124 1836ᚰ
1,口 ─5四2 7049
1,谁有免费网站 私我 有红包
1,》》》》？？？？？
0,本田比奧迪快嗎
1,看姐姐名字加.买篇看
1,撸管
1,﻿性感撕挖 1811 9709 口.
0,呵呵借口比你说还
0,火腿 火腿 ...腿
0,让给你票
0,加105躲避
0,腿粗粗哦
0,bzy08089756你加我
0,多高
1,1506 4775蔲曰批
0,19名片
0,哦哦  理解错误
0,莫大屌每天刷多少
0,小妹你
0,啪啪打脸......
0,还有限量版金色风衣
0,我区才250-350w买到
0,味道很劲道
1,勤鹅351144829
0,然後我要鋼釘的
1,澽 29526 Q 77544
0,喜欢行动不要口上说说
1,ＫС４００７Ｃ明白666666
1,^看^^城^靓^女^不`穿`衣`服`可指`挥^^做^做先视^频
1,网站+沜++买的老哥私聊我0
1,名字+++我喂爽0
0,10块钱刷25万
1,27447053 伽扣
0,火山直播的妹纸
1,幼儿QLK290 无码!!
1,皇盘要的私聊++
0,漂亮妹妹座
1,君买P，加乞鹅 29534 51608
0,你还下班
0,你说的差一亿
1,皇盘私聊我
0,来首宝贝爸爸
1,有直播网站有片的加我
1,HB90069看篇夹威l0
0,女生165左右男生175左右
1,全裸扣
1,来波深夜福利
1,加骚妇Ven4476裸撩包射
1,2577 97316 籹水奶
1,皇色买的老哥私我0.0
0,泰国hhhh
0,不好都不认识
1,z u o a I
1,加1716776965ᚰ
0,想想美滋滋
0,女娲妖王，月光++
1,﻿私人定做家口 61444 4232
1,佳喂：sx111505可越W0
1,娟麦饼-喂心 CAD571
1,有没有人看的名字我的名字
1,鱑鳝値噃
1,﻿染看-拼-起-鹅23060 7435
0,哦哦哦哦可以
0,赶紧过去吧  玩手游的有谁会看直播呀。。浪费时间
1,熙 FTA676❤❤麦-P
1,喜欢你的内衣
0,人少
0,来首GO
1,FS6791爽
1,叶喂心CAD571
0,嗨美女亲一个
0,CC-YANGEGE
0,黄色淫秽视频是违法的
1,伊-喂心  C₳D571
1,网站盘买私聊我
1,﻿君麦偏+威 w2753636
1,15064775   看名字加Q妹子
0,绝对打药了ᚠ
1,加微信送私房照
1,胸部大嗎
1,买黄偏的老哥私聊我
1,看-丝袜-家752753636企-鹅
0,商人卖220W...
0,1米VS11厘米ᚠ
1,佳喂：sx111505可越tI
1,7747 33332曰逼家口.
1,熙 FTA675ᚰ寂寞少奶
1,网站+沜+买的私聊我00
0,ᚠ那你组我干啥
0,秋名山
0,去抓兔子今天
1,哦，哦哦，哦哦哦
1,溥 29526 Q 77544
0,FHDDGD
1,𝔲 𝙮 𝔪６９３ᚰ盘片.
0,买了130包 坐等8月7号
1,篇-加-企-鹅┊506 4775[s电到
1,网站++看姐姐名字封包.
0,去玩好不好
1,﻿KMD255ᚰ买P-靓妹
1,家-企-鹅752753636包摄家-企-鹅752753636包摄家-企-鹅752753636包摄家-企-鹅752753636包摄家-企-鹅752753636包摄家-企-鹅752753636包摄
0,吃巧克力沾到的
1,买黄篇的哥哥私聊我啦
0,摸摸哦哦弄
0,全球
0,1500.400.60.3
1,兮片ᚰ136 6458 9947
1,YW90069看皇家喂
0,莫KTV哦哦哦哦
1,𝐗𝐊E585ᚰ卖片需要来.
1,517156316ルポスちㄕホぃョ
0,你先告诉我 你姐妹是谁
0,人气很好的
0,上次刷一個大便中500
0,你人气慢慢上升
0,中国福利彩票
1,冉 FAK256ᚰ 看-电视
1,加微信nn3954
0,THANK YOU
0,感谢十年
1,Y W 90069++喂++看皇
1,网站盘看名字++私聊我.
0,你喜欢吃咖喱嘛？
0,我强15  287  85左右吧
1,本 ＴＲＡ２４５日批666666
1,.网址 盘私聊我好友网址 盘私聊我好友
0,刮刮今天气我....2+年..5+0  气死.
1,也给我个vx
1,家-752753636-姐-姐的企-鹅
0,不去打你屁股
1,💕657ᚰ☀
1,敞 KTM657 ᚰ靓妹
0,浪浪更健康
1,75+275+36+36名字
1,熙 FAK256ᚰ
1,﻿熙 TPK564ᚰ买乒威
1,君 KMD255ᚰ纯/洁
1,75+275+36+36+私聊我
0,抖起来跳起来
1,😓😓😓湿身了
0,一夜未休息一币未刷信
1,突然涩情
1,珠鹅351144829
1,﻿1690 47089+口口
1,若 29521 91783乞儿
1,最新最好黄资源..买的看姐姐名字加我看
1,卿麦饼-喂心 CAD571
0,好呀点点关注
1,夹喂 BHC979 威ᚰ
0,QAQ.
0,千里走单骑
1,网盘买的私聊我0
1,﻿76455 5562美逼加窛。
1,​(V❤）wuhendewul色色❤等你哦！❤​(V❤）wuhendewul色色❤等你哦！❤​(V❤）wuhendewul色色❤等你哦！❤​。。，
1,杏干  ─5四2 7049 企鹅.
0,200222开业大吉说200222开业大吉(14
0,本来坐的舒服的很，你来救我干嘛！😂😂
1,有免费网址吗
0,大逼小逼？
1,﻿1946 4390 看逼家 口.
0,包哥包哥
0,发不出字
0,3加3加2
1,瑗麦饼-喂心 CAD571
1,从声一堆一堆的
0,嗯  65合65 75合75
0,亲密度算12点前的明天的
0,是亲生姐妹  那种
0,9999打包带走
1,我觉得她🐎没死啊
0,妹妹妹妹
0,人家有避雷针
1,看我网易名字+Q..
0,有戏嘛
0,你直播玩手机
1,灿 ＴＲＡ２４５日批666666
0,买150到160的
1,﻿染 KMD255ᚰ纯/洁
0,3000万挖高图？
1,2744 7053看逼伽口
1,伽韦 sx111505 珂视频箹                 ye
0,啤酒168刷3次换花168刷3次
0,加加班
0,尿尿
0,去调下明天开播
0,🐶住大酒店
0,1555 1.244
0,中文名：萍琪，动画片里叫：碧琪
0,嗨起来美女
0,亲爱你好
0,200斤兮玥口怕
1,2218439086+++看名字00
0,独孤求败ᚠ
0,654321密码好像
0,8777巅峰
1,佳抠：193587010 可月js
0,走清纯路比较艰难
0,美美美，你美美美
0,好凶
1,𝐔𝐗４４４２卖云资源𝐔𝐗４４４２卖云资源.
0,只有极的质量才能和黑鸟比较，其他几个都是阉割版，比上次黑鸟更贵，还是阉割的。。。
1,我来了，骚货
0,哦哦😘😘
1,瑾 CC-名字-看-电视ᚰ
0,想想要买电脑，要买主机
1,加，v，看美，羊羊洗。z，澡
0,去星月开家族
1,黑人有人侍寝，爽的
0,姐妹好刺激
1,5块3部
1,1918 555570  籹水奶蔻.
0,哇啊渝 还记得🐎？ 哥哥别开啊
0,盘腿呢ᚠ
0,2349561510.
1,奶头尖尖
1,茜  KUC539 麦饼薇
1,滋源加我微
0,带我干吗
0,花豆小公举ᚠ
1,憝 ＴＡＤ７６５☀☀日批666666
0,嫩个超级火煎 有点扎实
0,晴晴比較喜歡
0,心中的心女心愛的心愛的心
0,啦啦啦哦
0,35+12耐的装备在69  有用么？
1,НУR382买盘.
1,加企-鹅1145141919810
0,摄影圈风评不好
1,芸2591 1478 口
1,片要的私聊ᚠ
0,感冒都喝溫開水吃維他命c
1,教程片口 ─5四2 7049
0,我还是喜欢米迦多点
1,妍 CC-名字-看-电视ᚰ
1,若 KMD255ᚰ暖妹美丽
0,你家中国的
0,人家卖5000W
1,ＫС４００７Ｃ大咪咪666666
0,我也会按摩！
1,8695 33334看逼家 口.
1,色情主播报警
1,弹幕卖片，高薪工作。加盟电话联系：18877415157
1,老哥们.想要买黄偏的私聊我
1,迦威 sx111 505，有囊人想要的             P4
1,溥 ＴＲＡ２４５日批666666
1,.𝓾𝔁４４４２卖云资源.
0,惹你消失不
1,网站盘需要的私聊
1,家-752753636-姐-姐-企-鹅
0,三千世界鸦杀
0,想骗我哇高图
1,免费送网站 av画质
0,哦哦哦 zdaol
0,问题是，我不是富婆呀，要是富婆的话，养你一只小白ᚠᚠᚠ
0,村东头张寡妇家母猪怀孕
1,真 157 5176 4994 ❤❤❤
0,分手之后觉得未来计划都没意义
1,直接自爽
0,哦哦哦，透视~
0,2费5，3费6
0,我要买就准备买限量的
1,﻿就是干筘 ─5四2 7049
1,湎 CC-名字-看拼ᚰ
1,二愣子
0,不客氣88888888
0,浙江首府，靓仔！！！
1,35141 73330咪咪妹+αᚰ
1,韵 FTA676 麦-P❤
1,有露乳頭的
1,华 158 7996 2374 ❤
0,嗨小公主
1,涛草你吗
1,+C名看P
0,热死了
0,什么感觉，咖啡
0,秀场的钱不能
0,哦买嘎  峨眉贼  买它买它
1,饼扣扣，看扣扣
1,看姐姐名字+++我看沜.
1,绿 ＴＲＡ２４５❤ ❤日批666666
0,优秀ᚠᚠᚠ
1,杕 ＴＲＡ２４５☀☀日批666666
1,网址 盘看姐姐名字+
1,91网址，有视频，有论坛，需要联系，。
1,佳喂：sx111505可越Dc
1,看看你的内裤你刷礼物
0,🐎得
1,昧 ＴＲＡ２４５☀☀日批666666
1,UKV719芸妹.
1,铢 29526 Q 77544
1,UKC 127芸妹ᚰ UKC 127芸妹ᚰ
0,下身前後百动
0,难哥刚才那首速度与激情的歌我实在找不到了能给我看看名字吗56561615
1,加v看美羊羊洗澡
0,前一天晚上喊到KTV喝
1,圃 29526 Q 77544
0,搞到了一个醉花荫项链+3
1,KS 90096++喂0.0.0
0,要报名
1,交 ＴＡＤ７６５☀☀日批666666
0,大家看我名字- -好玩不
0,145076573
1,震动棒
1,篇看姐姐名字+++++..
1,潜KTM657
1,2◍48 78ℨ2大波妹ᚰ
0,3无底1盘丝1龙宫
1,﻿“蛟龙22”用拼音伽看ᚰ.
1,熙 KMD255ᚰ暖妹美丽
1,佳 T6787V 纯情
0,12点以后464万
1,2787 9947 美腿+口..
1,兮 FTA676 麦-Pღ
0,ᚠ等待哥哥威武
0,该放远走高飞小天使
0,Kvm两口？
0,哦噢噢噢哦哦哦哦哦哦哦哦噢噢噢哦哦
1,细-黄-色-ＫＵＣ５３７
1,奶子好大乳沟好深胸推一定很爽
0,对面mvp的名字好6
1,看骡聊全露真人情趣秀喂信ww12808
1,勤-麦饼-喂心  C₳D571
1,勤-喂心 C₳D571
0,我又没送你谢我干啥ᚠ
1,ℍ 𝕂 𝕏 5 9 4 ➣➣片.
1,块☎☎ＦＴＡ６８９☎麦P
0,生活需要点刺激
1,纵麦饼-喂心 CAD571
1,注意看我的名字，要晃片的加
0,辣为啥取如此刺激的名字
0,😙😙😙❤❤❤
1,涩→聊加Q287354710
1,喂BH90068家喂ᛀ
1,离+CC.名字，是威，大波波
0,你会看看
0,反光刺眼
1,英 FTA675ᚰ寂寞少奶
1,璐 FAK256ᚰ
1,会死他狗曰的
0,Ennnnnn
1,﻿性感撕挖 14氿5 9967 口。
1,需要买网站私聊我便宜.0
0,房子还能给你转手了?
0,情人节你男朋友打炮
0,走哦 辰色喝酒哦
0,520搞一组
1,看，，偏+CC③412〇282⑤
0,应该是阵法大师+薛超  VS 皇宫俊+鸭子
1,2787 9947 大咪咪+口
1,离 ＴＡＤ７６５☀☀日批666666
0,大家闺秀 .....
0,老A咱一人准备50万晚上来炸欢乐好不好
0,5+3.爽.
1,看-夹-企-鹅-752753636
1,8695 33334芸妹+口口
1,看我名字 塽ᚰ
0,113的 4+1是什么样的
0,包子的直播群是🐧群
0,湯姆哥晚安
0,朋友不要互换
0,在5开哦，221哦。
1,家庭 人妻 撕挖 Q2068875241
1,巧 w2753636 麦饼
0,高高ᚰᚰ
1,勰 29526 Q 77544
1,2048 7832爆插╬αᚰ .
0,深得我真传
0,实话ᚠ
1,企鹅企鹅企鹅
1,高端mm资源需要加我
0,烧烤家园
0,弄个腾龙ᚠᚠᚠ
1,🧧包群➕V：wss370321
0,你的名字......
1,﻿若 KMD253ᚰ买片看这里
1,﻿2591 1478 爆差口
0,还是他们
0,那些套装是一个限量版的时装在明州后上就可以看到主播穿的这个时装就是岁岁套装
1,vvxddghbbvjjkknhvfdsryhjnn
1,Y W 90069 +喂+看黄潘
0,我本来想去买个cc框子，然后勾搭别的小姐妹ᚠ
1,网站盘买的私聊ᚰ
1,免费看佳薇 weizhi6688
0,爽、
1,凡 w2753636 麦饼卫星
0,很鬼
0,风吹靓仔
0,呵呵一个月花500块钱说的
1,落麦偏+ w2753636
1,﻿若 KMD253 麦饼-麦饼
0,亲爱的跳个舞
0,妳怎樣都美翻
0,1934844316
1,UKC9｜7薇美腿ᚰ
1,伽徽伽徽：sx111505可聊
0,亲爱的主播起来跳舞
0,围着的纱拿掉
0,我感觉，追你好刺激哦。
1,CCJUEBAN666
1,若麦-拼-威ＫＵＣ２３５
1,第1634510164810134480164313154543484664480494946715131315810437348484645484648位粉丝
0,狼人杀玩不玩
0,避孕
1,伊 KMD255ᚰ
1,枵 ＴＡＤ７６５☀☀日批666666
0,要躲避的
1,佳喂：sx111505可越kW
0,哦哦哦哦哦哦哦哦哦哦哦哦哈哈哈
0,拍写真吗
0,平台试试一天赚500以上不是问题
1,12679655加我 老乡
1,﻿2953474541蔻日666666
1,莹 FTA675ᚰ寂寞少奶
0,羸弱+蛛丝居然在大几居面前翻了好几个板子
0,很尴尬发不了信息
1,​(V❤）wuhendewul色色❤等你哦！❤​(V❤）wuhendewul色色❤等你哦！❤​(V❤）wuhendewul色色❤等你哦！❤​。
0,问一个问题好不好
1,翼 KTA679 麦乒薇
0,垃圾桶守
1,谁要Ｍ３７９３６３０８
1,英TPK564ᚰ片薇
1,网站沜买的家好友私聊我0
1,﻿FTA676 麦-P威
1,珊 29521 91783乞儿
0,我可以🐎
0,人生的终极梦想不用吃饭睡觉
1,看骗加q495851478
1,大啵妹枚全露薇tyu371
0,别忘了下班来家
0,走去微秀酒吧
1,AKUMA在私下cos火舞
0,又我老乡
0,不穿更帅
1,轩 158 7996 2374 ❤
1,若 FTA676 麦-P
1,91网址，需要联系，
0,无聊无聊无聊
0,借口锅
1,Www.662pp.com
0,巅峰寂寞啊
1,一炮绝对舒服
0,字字字字字字字字
1,芮 29526 Q 77544
1,伾 29526 Q 77544
1,兮 T6787Vᚰ纯/洁/P
0,笨死了
1,看名字➕v爽骗s
0,BTRG，BTRG
1,UCK ł69微美丝ᚰ UCK ł69微美丝ᚰ
0,绿绿看我名字
1,НУR382卖片.
0,铭记果皇的名言嗷
1,，，岛国A片有！
1,琳 29521 91783乞儿
1,卖网站要的私
0,这网兼职天气预报
0,徽信上有168.32元
1,+企鹅：727688978
1,黄资源买的老哥私聊我
0,嗨你很漂亮
0,今天打国王🐎
0,妈耶  